actor_id,actor
1,Tom Hanks
2,Tim Allen
3,Don Rickles
4,Robin Williams
5,Kirsten Dunst
6,Bonnie Hunt
7,Walter Matthau
8,Jack Lemmon
9,Ann-Margret
10,Whitney Houston
11,Angela Bassett
12,Loretta Devine
13,Steve Martin
14,Diane Keaton
15,Martin Short
16,Al Pacino
17,Robert De Niro
18,Val Kilmer
19,Harrison Ford
20,Julia Ormond
21,Greg Kinnear
22,Jonathan Taylor Thomas
23,Brad Renfro
24,Charles Rocket
25,Jean-Claude Van Damme
26,Powers Boothe
27,Raymond J. Barry
28,Pierce Brosnan
29,Sean Bean
30,Izabella Scorupco
31,Michael Douglas
32,Annette Bening
33,Martin Sheen
34,Leslie Nielsen
35,Mel Brooks
36,Peter MacNicol
37,Kevin Bacon
38,Bob Hoskins
39,Bridget Fonda
40,Anthony Hopkins
41,Joan Allen
42,Geena Davis
43,Matthew Modine
44,Frank Langella
45,Sharon Stone
46,Joe Pesci
47,Emma Thompson
48,Kate Winslet
49,James Fleet
50,Tim Roth
51,Antonio Banderas
52,Sammi Davis
53,Jim Carrey
54,Ian McNeice
55,Simon Callow
56,Wesley Snipes
57,Woody Harrelson
58,Jennifer Lopez
59,Gene Hackman
60,Rene Russo
61,Danny DeVito
62,Sigourney Weaver
63,Holly Hunter
64,Dermot Mulroney
65,Sylvester Stallone
66,Julianne Moore
67,Mary Steenburgen
68,Sean Patrick Flanery
69,Lance Henriksen
70,Nicolas Cage
71,Elisabeth Shue
72,Julian Sands
73,Laurence Fishburne
74,Kenneth Branagh
75,Irène Jacob
76,Christina Ricci
77,Demi Moore
78,Rosie O'Donnell
79,Amanda Root
80,Ciarán Hinds
81,Susan Fleetwood
82,Ron Perlman
83,Daniel Emilfork
84,Judith Vittet
85,Gong Li
86,Baotian Li
87,Xiaoxiao Wang
88,Michelle Pfeiffer
89,George Dzundza
90,Courtney B. Vance
91,Craig Sheffer
92,Elizabeth McGovern
93,Tom Hulce
94,James Cromwell
95,Magda Szubanski
96,Christine Cavanaugh
97,Jonathan Pryce
98,Steven Waddington
99,Susan Sarandon
100,Sean Penn
101,Robert Prosky
102,Peter Reznick
103,John McDonough
104,Avi Hoffman
105,Kirstie Alley
106,Steve Guttenberg
107,Mary-Kate Olsen
108,Alicia Silverstone
109,Stacey Dash
110,Brittany Murphy
111,Richard Harris
112,James Earl Jones
113,Vusi Kunene
114,Ian McKellen
115,Christopher Bowen
116,Larenz Tate
117,Keith David
118,Chris Tucker
119,Robert Downey Jr.
120,Sam Neill
121,David Thewlis
122,Christopher Lambert
123,Robin Shou
124,Linden Ashby
125,Nicole Kidman
126,Matt Dillon
127,Joaquin Phoenix
128,Winona Ryder
129,Ellen Burstyn
130,Anne Bancroft
131,Mel Gibson
132,Linda Hunt
133,Christian Bale
134,Pascale Bussières
135,Rachael Crawford
136,Henry Czerny
137,Kevin Spacey
138,Gabriel Byrne
139,Chazz Palminteri
140,Cynthia Rothrock
141,Daniel McVicar
142,Lydie Denier
143,Marshall R. Teague
144,Woody Allen
145,Mira Sorvino
146,Pamela Blair
147,Enrico Lo Verso
148,Michele Placido
149,Piro Milkani
150,Olivia d'Abo
151,Jay O. Sanders
152,Jennifer Jason Leigh
153,Mare Winningham
154,Ted Levine
155,Johnny Morina
156,Maggie Castle
157,Christopher Olscamp
158,Lothaire Bluteau
159,Patrick Goyette
160,Jean-Louis Millette
161,Hal Scardino
162,Litefoot
163,Lindsay Crouse
164,Sally Field
165,Kiefer Sutherland
166,Ed Harris
167,Richard Dreyfuss
168,Glenne Headly
169,Jay Thomas
170,Shawn Wayans
171,Marlon Wayans
172,Keenen Ivory Wayans
173,Sandra Bullock
174,Denis Leary
175,Stephen Dillane
176,Pauly Shore
177,Stephen Baldwin
178,William Atherton
179,Mary Elizabeth Mastrantonio
180,Jerry Barone
181,Victoria Abril
182,Josiane Balasko
183,Alain Chabat
184,Ice Cube
185,Nia Long
186,Harvey Keitel
187,George Clooney
188,Juliette Lewis
189,William Baldwin
190,Cindy Crawford
191,Steven Berkoff
192,Josh Hamilton
193,Eric Stoltz
194,Samuel Gould
195,Jean-Paul Belmondo
196,Michel Boujenah
197,Alessandra Martines
198,Christian Slater
199,Mary Stuart Masterson
200,Pamela Adlon
201,Rick Moranis
202,Tom Arnold
203,Julianne Phillips
204,Peter Weller
205,Roy Dupuis
206,Jennifer Rubin
207,Nico
208,Tina Aumont
209,Christian Päffgen
210,Jack Nicholson
211,David Morse
212,Anjelica Huston
213,Alec Baldwin
214,Joseph Gordon-Levitt
215,Aida Mohammadkhani
216,Mohsen Kafili
217,Fereshteh Sadre Orafaiy
218,Andy Garcia
219,Christopher Walken
220,Christopher Lloyd
221,Willeke van Ammelrooy
222,Jan Decleir
223,Veerle van Overloop
224,Al Freeman Jr.
225,Phylicia Rashad
226,Leon
227,Victoria Foyt
228,Viveca Lindfors
229,Jon Robin Baitz
230,Mark Rylance
231,Kristin Scott Thomas
232,Patsy Kensit
233,Jeff Bridges
234,Caroline Goodall
235,John Savage
236,Jason Alexander
237,Faye Dunaway
238,Eric Lloyd
239,Chris Farley
240,David Spade
241,Tim Matheson
242,Johnny Depp
243,Courtney Chase
244,Jason Patric
245,Thandiwe Newton
246,Larry Drake
247,Julia Roberts
248,John Malkovich
249,George Cole
250,Eddie Murphy
251,Allen Payne
252,Timothy Hutton
253,Noah Emmerich
254,John Travolta
255,Samantha Mathis
256,Christopher Faville
257,Philip Lenkowsky
258,Aaron Smith
259,Sadie Frost
260,Jude Law
261,Sean Pertwee
262,Nick Broomfield
263,Nina Xining Zuo
264,Madam Alex
265,John Cusack
266,Luke Wilson
267,Owen Wilson
268,Ned Dowd
269,Ellen DeGeneres
270,Bill Pullman
271,Joan Cusack
272,Ray Liotta
273,Linda Fiorentino
274,Peter Coyote
275,Adam Sandler
276,Christopher McDonald
277,Julie Bowen
278,Clint Eastwood
279,Meryl Streep
280,Annie Corley
281,Maria Schrader
282,Pierre Sanoussi-Bliss
283,Michael von Au
284,Tim Curry
285,Billy Connolly
286,Jennifer Saunders
287,Christy Turlington
288,Azzedine Alaïa
289,Giorgio Armani
290,Rustam Branaman
291,Jennifer MacDonald
292,James Robinson
293,Sean Lawlor
294,Sandy Nelson
295,Jodie Foster
296,Cybill Shepherd
297,Jackie Chan
298,Anita Mui
299,Françoise Yip
300,Liam Neeson
301,Edward Furlong
302,Helena Bonham Carter
303,Kate Nelligan
304,Clive Russell
305,Michel Serrault
306,Eddy Mitchell
307,Sabine Azéma
308,Glenn Close
309,Isa Baschwitz
310,Hugh O'Conor
311,Antony Sher
312,Tobias Arnold
313,Sarah Jessica Parker
314,Eric Schaeffer
315,Ben Stiller
316,Alan Arkin
317,Rachel Ticotin
318,Halle Berry
319,Jim Belushi
320,Bill Hunter
321,Robin Givens
322,Brigitte Lin
323,Tony Leung Chiu-wai
324,Faye Wong
325,Sergio Castellitto
326,Tiziana Lodato
327,Franco Scaldati
328,Patricia Arquette
329,Téa Leoni
330,Jason James Richter
331,Melody Kay
332,Jack Black
333,Josh Charles
334,Anne Heche
335,John Goodman
336,Miranda Rhyne
337,Charlotte Eve Blythe
338,Anna Thomson
339,Anne Parillaud
340,David Caruso
341,Luisito Martí
342,Caridad Ravelo
343,Raúl Carbonell
344,Lloyd Dunn
345,Chris Grigg
346,Mark Hosler
347,Kelsey Grammer
348,Lauren Holly
349,Rob Schneider
350,Mary Beth Hurt
351,Jean Seberg
352,Vivian Paxton
353,Claudette Sutherland
354,Michael Ornstein
355,Jacob Tierney
356,Drake Bell
357,Gena Rowlands
358,Mohan Agashe
359,Barun Chakraborty
360,Champa
361,Johnnie Black
362,Paul Cox
363,John Decker
364,Dejana
365,Nathan Lane
366,Ned Beatty
367,Mia Sara
368,Michael Madsen
369,Michael York
370,Morgan Fairchild
371,Jack Mulcahy
372,Michael McGlone
373,Edward Burns
374,Lisa Boyle
375,Michael Taliferro
376,Emmanuel Xuereb
377,Stephen Lang
378,Ryan Slater
379,Yi Ding
380,Leonardo DiCaprio
381,Lorraine Bracco
382,Marilyn Sokol
383,Hugh Grant
384,Alan Rickman
385,Georgina Cates
386,Isabelle Huppert
387,Martin Donovan
388,Elina Löwensohn
389,Bill Paxton
390,Jessica Lange
391,John Hurt
392,Lili Taylor
393,Annabella Sciorra
394,Tommy Lee Jones
395,Catherine Deneuve
396,Jean Sorel
397,Michel Piccoli
398,U Aung Ko
399,Frances McDormand
400,Lou Reed
401,Michael J. Fox
402,Cathy Moriarty
403,John Turturro
404,Delroy Lindo
405,Laura Linney
406,Dylan Walsh
407,Denzel Washington
408,Matt Craven
409,Robert Crumb
410,Aline Kominsky-Crumb
411,Charles Crumb
412,Salma Hayek
413,Joaquim de Almeida
414,Tom Sizemore
415,Jennifer Beals
416,Bruce Willis
417,Jeremy Irons
418,Samuel L. Jackson
419,James Duval
420,Rose McGowan
421,Johnathon Schaech
422,Embeth Davidtz
423,Tom Bell
424,Gemma Jones
425,Sean Connery
426,Richard Gere
427,Francis Capra
428,Jonny Lee Miller
429,Angelina Jolie
430,Jesse Bradford
431,Steven Weber
432,Peter Jacobson
433,Tom Cayler
434,Keanu Reeves
435,Dolph Lundgren
436,Dina Meyer
437,Armand Assante
438,Tia Carrere
439,Stanley Tucci
440,Leo Fitzpatrick
441,Justin Pierce
442,Chloë Sevigny
443,Steve Buscemi
444,Catherine Keener
445,Scott Bakula
446,Kevin J. O'Connor
447,J. Trevor Edmond
448,Chris O'Donnell
449,Drew Barrymore
450,Matthew Lillard
451,Shannen Doherty
452,Jeremy London
453,Jason Lee
454,Karan Ashley
455,Johnny Yong Bosch
456,Steve Cardenas
457,Elizabeth Perkins
458,Whoopi Goldberg
459,Kathleen Turner
460,Peter Fonda
461,Nic Ratner
462,Jeremy Northam
463,Dennis Miller
464,Parker Posey
465,Omar Townsend
466,The Lady Bunny
467,Elias Koteas
468,Virginia Madsen
469,Mia Farrow
470,Tony Goldwyn
471,Juana Barrios
472,Xander Berkeley
473,Dean Norris
474,Gary Oldman
475,Robert Duvall
476,Kathy Najimy
477,Mo Gaffney
478,Elizabeth Berkley
479,Kyle MacLachlan
480,Gina Gershon
481,William Hurt
482,Giancarlo Esposito
483,Dennis Quaid
484,Natasha Henstridge
485,Ben Kingsley
486,Aidan Quinn
487,Frances Fisher
488,Ralph Fiennes
489,Nino Castelnuovo
490,Anne Vernon
491,Daryl Hannah
492,Keith Carradine
493,Moira Kelly
494,Patrick Swayze
495,Joseph Mazzello
496,Romane Bohringer
497,John Leguizamo
498,Steven Seagal
499,Eric Bogosian
500,Everett McGill
501,Andie MacDowell
502,Michael Richards
503,Isaac Mizrahi
504,Roseanne Barr
505,Sandra Bernhard
506,Aitana Sánchez-Gijón
507,Anthony Quinn
508,Kevin Costner
509,Jeanne Tripplehorn
510,Dennis Hopper
511,Harry Belafonte
512,Kelly Lynch
513,Ellen Barkin
514,Albert Finney
515,Greta Scacchi
516,Daniel Stern
517,Jon Polito
518,Brad Sullivan
519,Nikita Mikhalkov
520,Ingeborga Dapkunaite
521,Oleg Menshikov
522,Katrin Cartlidge
523,Rade Serbedzija
524,Grégoire Colin
525,Ethan Hawke
526,Julie Delpy
527,Andrea Eckert
528,Darren McGavin
529,Bridgette Wilson-Sampras
530,J.T. Walsh
531,Mary-Louise Parker
532,Aeryk Egan
533,Jeffrey Combs
534,Barbara Crampton
535,Jonathan Fuller
536,Jessica Dollarhide
537,Minnie Driver
538,Geraldine O'Rawe
539,Brian O'Halloran
540,Jeff Anderson
541,Marilyn Ghigliotti
542,Donald Sutherland
543,Bruce Greenwood
544,Andrew McCarthy
545,Denise Crosby
546,Gary Busey
547,Yancy Butler
548,Dylan McDermott
549,Nancy Travis
550,Quentin Tarantino
551,Stuart Wilson
552,Sihung Lung
553,Kuei-Mei Yang
554,Wang Yu-wen
555,Don McKellar
556,Dana Delany
557,Dan Aykroyd
558,Martin Landau
559,Meg Ryan
560,Kevin Kline
561,Billy Crystal
562,Debra Winger
563,Joe Mantegna
564,Mimi Rogers
565,Bruce Davison
566,Jeff Goldblum
567,Christine Lahti
568,Dal McKennon
569,Art Clokey
570,Gloria Clokey
571,William Gates
572,Arthur Agee
573,Emma Gates
574,Melanie Lynskey
575,Sarah Peirse
576,Jeroen Krabbé
577,Isabella Rossellini
578,John Lone
579,Joan Chen
580,Tim Robbins
581,Brad Pitt
582,Tom Cruise
583,Nick Nolte
584,Gwyneth Paltrow
585,Arnold Schwarzenegger
586,Kate Capshaw
587,Thomas Ian Nicholas
588,Joss Ackland
589,Art Malik
590,Mark Hamill
591,Carrie Fisher
592,Liesel Matthews
593,Eleanor Bron
594,Liam Cunningham
595,Crissy Rock
596,Vladimir Vega
597,Sandie Lavelle
598,Marco Leonardi
599,Lumi Cavazos
600,Regina Torné
601,Angel Aviles
602,Seidy Lopez
603,Jacob Vargas
604,Warren Beatty
605,Katharine Hepburn
606,David Strathairn
607,Nigel Hawthorne
608,Helen Mirren
609,Rupert Graves
610,Chevy Chase
611,Farrah Fawcett
612,Madeline Kahn
613,Robert Klein
614,Melanie Griffith
615,Michael Patrick Carter
616,Richard Attenborough
617,Jimmy Smits
618,Esai Morales
619,Edward James Olmos
620,Paul Newman
621,Jessica Tandy
622,Natasha Richardson
623,Shar-Ron Corley
624,Gabriel Casseus
625,Saul Stein
626,Sue Price
627,Chad Stahelski
628,Tina Cote
629,Earl White
630,Laura San Giacomo
631,Paul Rhys
632,Michael O'Keefe
633,O-Lan Jones
634,Marisa Tomei
635,Rena Owen
636,Temuera Morrison
637,Mamaengaroa Kerr-Bell
638,Dustin Hoffman
639,Morgan Freeman
640,Jean Reno
641,Natalie Portman
642,Alfred Molina
643,Uma Thurman
644,Kadeem Hardison
645,Bokeem Woodbine
646,Joe Don Baker
647,Linus Roache
648,Tom Wilkinson
649,Robert Carlyle
650,Rob Morrow
651,Isabelle Adjani
652,Daniel Auteuil
653,Jean-Hugues Anglade
654,Russell Crowe
655,Peter Falk
656,D.B. Sweeney
657,Sophia Loren
658,Marcello Mastroianni
659,Jean-Louis Trintignant
660,Frédérique Feder
661,Juliette Binoche
662,Zbigniew Zamachowski
663,Janusz Gajos
664,Matt McCoy
665,Darlanne Fluegel
666,Martin Neufeld
667,James Brolin
668,Al Franken
669,Vincent D'Onofrio
670,Jack Palance
671,Howard McGillin
672,Michelle Nicastro
673,Jeni Courtney
674,Eileen Colgan
675,Mick Lally
676,James Woods
677,Kurt Russell
678,James Spader
679,Jaye Davidson
680,Judge Reinhold
681,Wendy Crewson
682,Bob Gunton
683,Kerry Fox
684,Christopher Eccleston
685,Ewan McGregor
686,Dennis Haysbert
687,Mel Harris
688,Sab Shimono
689,Jack Thompson
690,John Polson
691,Matt Frewer
692,Valerie Mahaffey
693,Lawrence Dane
694,You Ge
695,Ben Niu
696,Lori Petty
697,Ice-T
698,Naomi Watts
699,Patrick Stewart
700,Jonathan Frakes
701,Brent Spiner
702,Clarence Williams III
703,Corbin Bernsen
704,Joe Torry
705,Willem Dafoe
706,Miranda Richardson
707,Rosemary Harris
708,Christopher Reeve
709,Linda Kozlowski
710,Brian Dennehy
711,Wallace Shawn
712,Phoebe Brand
713,George Gaynes
714,Peter Gallagher
715,Alison Elliott
716,Eddie Griffin
717,Joe Morton
718,Elijah Wood
719,Sandra Oh
720,Stephen Chang
721,Claudette Carracedo
722,Toni Collette
723,Rachel Griffiths
724,Schuyler Fisk
725,Bre Blair
726,Rachael Leigh Cook
727,Courteney Cox
728,Sean Young
729,Hugo Weaving
730,Guy Pearce
731,Terence Stamp
732,Emmanuelle Seigner
733,Dianne Wiest
734,Jennifer Tilly
735,Anne Archer
736,Tina Majorino
737,Alfre Woodard
738,David Patrick Kelly
739,Brandon Lee
740,Michael Wincott
741,Rochelle Davis
742,Robert Wuhl
743,Lolita Davidovich
744,Robin Wright
745,Gary Sinise
746,Omar Epps
747,Kristy Swanson
748,Michael Rapaport
749,Luna Lauren Velez
750,Jon Seda
751,Tomas Melly
752,Saul Rubinek
753,Rosie Perez
754,Jason Scott Lee
755,Cary Elwes
756,Lena Headey
757,Leni Riefenstahl
758,Marlene Dietrich
759,Arnold Fanck
760,Rowan Atkinson
761,Matthew Broderick
762,Niketa Calame-Harris
763,Ruocheng Ying
764,Cameron Diaz
765,Peter Riegert
766,James Garner
767,Campbell Scott
768,Priscilla Presley
769,George Kennedy
770,Michael Keaton
771,Janeane Garofalo
772,Macaulay Culkin
773,Edward Herrmann
774,John Larroquette
775,Sam Shepard
776,Nick Stahl
777,Ron Silver
778,Jamie Lee Curtis
779,Stephen Dorff
780,Reese Witherspoon
781,Jake Busey
782,Tura Satana
783,Haji
784,Lori Williams
785,Jada Pinkett Smith
786,Nick Upton
787,Deborah Collard
788,Frank Passingham
789,Raul Julia
790,Ming-Na Wen
791,Jason Priestley
792,Kimberly Williams-Paisley
793,Steve Alden
794,David Arquette
795,Eddie Bowz
796,Heather Medway
797,Ann Turkel
798,Frank Thomas
799,Ollie Johnston
800,Sylvia Roemer
801,Erika Eleniak
802,William McNamara
803,Michael Lerner
804,Blythe Danner
805,Frank Whaley
806,Sheryl Lee
807,James Andronica
808,Cuauhtemoc Rivas
809,A. Peter Bailey
810,Roscoe Lee Browne
811,John Henrik Clarke
812,Nicholas Turturro
813,Anthony DeSando
814,Libby Langdon
815,Luke Perry
816,James Rebhorn
817,Duane Martin
818,Tupac Shakur
819,Martin Lawrence
820,Daniel Day-Lewis
821,Brendan Fraser
822,Charles Gitonga Maina
823,Yolanda Vazquez
824,Emilio Estevez
825,Madeleine Stowe
826,Taylor Nichols
827,Chris Eigeman
828,Tushka Bergen
829,Diedrich Bader
830,Jim Varney
831,Jon Tenney
832,Joey Travolta
833,Docs Keepin Time
834,Suzy Amis
835,Mary McDonnell
836,Terry Kinney
837,Meg Tilly
838,Gabrielle Anwar
839,Sherilyn Fenn
840,Lillo Brancato
841,Chris Elliott
842,Ritch Brinkley
843,James Gammon
844,Gabriel Olds
845,Jerry O'Connell
846,Penelope Ann Miller
847,Dana Carvey
848,Valeria Golino
849,John Lithgow
850,Michael Rooker
851,Jane Curtin
852,Robert Knott
853,Jane March
854,Rubén Blades
855,Madonna
856,James Russo
857,Jason London
858,Wiley Wiggins
859,Matthew McConaughey
860,Patrick O'Connell
861,Robert 'Wingnut' Weaver
862,Robert August
863,Pat Morita
864,Leslie Cheung
865,Fengyi Zhang
866,Harley Jane Kozak
867,Larry B. Scott
868,Mark Christopher Lawrence
869,Rusty Cundieff
870,James Caan
871,Joan Plowright
872,Anthony Higgins
873,Sean Nelson
874,Sela Ward
875,Kim Basinger
876,Ted Danson
877,V.S. Brodie
878,Guinevere Turner
879,T. Wendy McMillan
880,Colin Friels
881,Joanne Whalley
882,Rebecca De Mornay
883,Don Johnson
884,Hiep Thi Le
885,Haing S. Ngor
886,Charlie Sheen
887,Lloyd Bridges
888,Kim Cattrall
889,Cynthia Stevenson
890,Tara Fitzgerald
891,Colm Meaney
892,Maria Conchita Alonso
893,Christopher Reid
894,Christopher Martin
895,David Edwards
896,Albert Brooks
897,Whittni Wright
898,Andy Dick
899,Pete Postlethwaite
900,Alison Crosbie
901,Suzzanne Douglas
902,RaéVen Kelly
903,Cuba Gooding Jr.
904,Laura Dern
905,Kathy Larson
906,Lisa Eichhorn
907,Helen Slater
908,Tom Guiry
909,F. Murray Abraham
910,Art Carney
911,Christina Vidal
912,Paul Hogan
913,Beverly D'Angelo
914,Barbara Sukowa
915,Will Smith
916,Margaret Whitton
917,Jerry Adler
918,Tyrin Turner
919,June Kyoto Lu
920,Tatsuya Fuji
921,Eiko Matsuda
922,Aoi Nakajima
923,Tom Noonan
924,Karen Sillas
925,Lena Olin
926,Lesley Sharp
927,Hilary Swank
928,Michael Ironside
929,Judy Davis
930,Patrick Bauchau
931,Roberta Maxwell
932,Janet Jackson
933,Regina King
934,Brian Benben
935,John Haycraft
936,Gregory Hines
937,James Remar
938,Robert John Burke
939,Nancy Allen
940,Mario Machado
941,Richard Lewis
942,Roger Rees
943,Wallace Wood
944,Daniel Pollock
945,Jacqueline McKenzie
946,Ashley Judd
947,Todd Field
948,Bentley Mitchum
949,Sean Astin
950,Jon Favreau
951,Danny Glover
952,Rick Aviles
953,Cyril Collard
954,Carlos López
955,Max Pomeranc
956,Nathan Yapp
957,Keith Allen
958,Kate Maberly
959,Maggie Smith
960,Heydon Prowse
961,Sam Waterston
962,Ricki Lake
963,Julian Fellowes
964,Stockard Channing
965,Ross Malinger
966,Tom Berenger
967,Rutger Hauer
968,Carla Gugino
969,Lane Smith
970,Mike Myers
971,Anthony LaPaglia
972,Dennis Farina
973,Charles S. Dutton
974,Nastassja Kinski
975,James Gandolfini
976,Colm Feore
977,Derek Keurvorst
978,Katya Ladan
979,Lara Flynn Boyle
980,Danny Elfman
981,Chris Sarandon
982,Catherine O'Hara
983,Sam Elliott
984,James Carville
985,George Stephanopoulos
986,Heather Beckel
987,Anna Magnani
988,Ettore Garofolo
989,Franco Citti
990,Kanin Howell
991,Leslie Hope
992,Peter Outerbridge
993,Victor Ertmanis
994,Martha Plimpton
995,Sara Suzanne Brown
996,Michael Artura
997,Leonard Donato
998,Dyanna Lauren
999,Heather Matarazzo
1000,Christina Brucato
1001,Victoria Davis
1002,Renaud
1003,Gérard Depardieu
1004,Miou-Miou
1005,Federico Luppi
1006,Claudio Brook
1007,Verónica Forqué
1008,Kim Vithana
1009,Jimmi Harkishin
1010,Sarita Khajuria
1011,Luke Edwards
1012,Timothy Busfield
1013,John Ashton
1014,Jesper Salén
1015,Stellan Skarsgård
1016,Basia Frydman
1017,Marco Hofschneider
1018,Rick Johnson
1019,Jeremy Davies
1020,Alberta Watson
1021,Benjamin Hendrickson
1022,Travis Tedford
1023,Bug Hall
1024,Brittany Ashton Holmes
1025,Chelsea Field
1026,Carlo Cecchi
1027,Claudio Amendola
1028,Phoebe Cates
1029,Jim Broadbent
1030,Wendy Hughes
1031,Lily Tomlin
1032,Tony Curtis
1033,Susie Bright
1034,Luisina Brando
1035,Alejandra Podesta
1036,Shelley Long
1037,Gary Cole
1038,Christine Taylor
1039,Scott Weinger
1040,Linda Larkin
1041,Linda Hamilton
1042,Graham Greene
1043,Billy Blanks
1044,Roddy Piper
1045,Richard Norton
1046,Charles Kahlenberg
1047,Scott Glenn
1048,Adriana Caselotti
1049,Harry Stockwell
1050,Lucille La Verne
1051,Paige O'Hara
1052,Robby Benson
1053,Jesse Corti
1054,Dickie Jones
1055,Christian Rub
1056,Mel Blanc
1057,Ralph Bellamy
1058,William Holden
1059,Ernest Borgnine
1060,Robert Ryan
1061,Gil Bellows
1062,Renée Zellweger
1063,Rory Cochrane
1064,Shih Chang
1065,Lan Wang
1066,Yumei Wang
1067,Dizzy Gillespie
1068,Milt Hinton
1069,Marian McPartland
1070,Randy Quaid
1071,Paul Reiser
1072,Brendan Fletcher
1073,Myles Ferguson
1074,Adam Harrison
1075,Mae Whitman
1076,Tony Todd
1077,Kelly Rowan
1078,Caroline Barclay
1079,Charles Dance
1080,Clive Owen
1081,William H. Macy
1082,Ralph Waite
1083,Richard Romanus
1084,John Candy
1085,Joe Flaherty
1086,Bruce Ramsay
1087,Valentina Vargas
1088,Doug Bradley
1089,David Schwimmer
1090,Charlotte Gainsbourg
1091,Anna Paquin
1092,Oliver Milburn
1093,Dearbhla Molloy
1094,Danny Cunningham
1095,Phil Harris
1096,Eva Gabor
1097,Sterling Holloway
1098,Marisa Paredes
1099,Juan Echanove
1100,Carme Elias
1101,Matt LeBlanc
1102,Jayne Brook
1103,Gene Ross
1104,Vittorio Mezzogiorno
1105,Stefan Glowacz
1106,Mathilda May
1107,Marthe Villalonga
1108,Caroline Aaron
1109,Robert LuPone
1110,Cynda Williams
1111,Paul Calderon
1112,Lynn Whitfield
1113,Ron Eldard
1114,Annabeth Gish
1115,Edward Norton
1116,Maurice Dean Wint
1117,Clark Johnson
1118,Amy Irving
1119,Amy Locane
1120,Sheena Easton
1121,Dom DeLuise
1122,Ian Hart
1123,Rosana Pastor
1124,Icíar Bollaín
1125,Tim Daly
1126,Caroleen Feeney
1127,Dan Gunther
1128,Armin Mueller-Stahl
1129,Juliet Landau
1130,Michael Beach
1131,Michael Gunther
1132,Craig Chester
1133,Michael Stock
1134,Phil Hartman
1135,Theresa Randle
1136,Isaiah Washington
1137,Spike Lee
1138,Thierry Lhermitte
1139,Ludwig Briand
1140,Patrick Timsit
1141,Anica Dobra
1142,Felicitas Grimm-Luck
1143,Martin Umbach
1144,Ulrich Mühe
1145,Iris Berben
1146,Marita Marschall
1147,Erik Goertz
1148,Anton Rattinger
1149,Dieter Wardetzky
1150,Emmanuelle Béart
1151,Lou Diamond Phillips
1152,Jon Voight
1153,Pang Eun-jin
1154,Hwang Sin-hye
1155,Chu-Ryun Kim
1156,Peter Ketnath
1157,Nina Hoss
1158,Steffen Schroeder
1159,Max Cullen
1160,Kris McQuade
1161,Tina Bursill
1162,Alain Delon
1163,Maurice Ronet
1164,Marie Laforêt
1165,Leslie Phillips
1166,Kate Burton
1167,Paul Terry
1168,Joanna Lumley
1169,Mark Wahlberg
1170,William Petersen
1171,Dave Foley
1172,Bruce McCulloch
1173,Kevin McDonald
1174,Cher
1175,Ryan O'Neal
1176,Predrag 'Miki' Manojlovic
1177,Lazar Ristovski
1178,Mirjana Jokovic
1179,Kanu Bannerjee
1180,Karuna Bannerjee
1181,Subir Banerjee
1182,Pinaki Sengupta
1183,Smaran Ghosal
1184,Kamala Adhikari
1185,Soumitra Chatterjee
1186,Sharmila Tagore
1187,Alok Chakravarty
1188,Trace Beaulieu
1189,Michael J. Nelson
1190,Jim Mallon
1191,Rose Gregorio
1192,Michael Jordan
1193,Wayne Knight
1194,Jane Fonda
1195,John Phillip Law
1196,Anita Pallenberg
1197,Donna Frotscher
1198,Nick Baldasare
1199,Christina Veronica
1200,Matt Keeslar
1201,Victoria Smurfit
1202,Eddie Constantine
1203,Anna Karina
1204,Akim Tamiroff
1205,Philippe Noiret
1206,Stéphane Audran
1207,Samuel Fuller
1208,Jim Jarmusch
1209,Michel Bouquet
1210,Brian Cox
1211,Maquisard Alfonso
1212,Talia Shire
1213,Joe Cortese
1214,Elizabeth Ashley
1215,John Hargreaves
1216,Shirley MacLaine
1217,Mario Van Peebles
1218,William Sadler
1219,Barry Corbin
1220,Raymond Cruz
1221,William Forsythe
1222,Kevin Dillon
1223,Bill Nunn
1224,Michael Bowen
1225,Amanda Plummer
1226,Kathy Jamieson
1227,Saskia Reeves
1228,Patricia Royce
1229,Lorraine Devon Wilke
1230,JD Souther
1231,Charlie Talbert
1232,George C. Scott
1233,Kathy Bates
1234,Gérard Desarthe
1235,Antje de Boeck
1236,John Marley
1237,Lynn Carlin
1238,Lukas Haas
1239,John C. Reilly
1240,Britt Allcroft
1241,Patrick Breen
1242,Ben Mendelsohn
1243,Barry Otto
1244,Rhea Perlman
1245,Fredro Starr
1246,Carol Kane
1247,Jennifer Connelly
1248,Ben Chaplin
1249,Joey Lawrence
1250,Billy Joel
1251,Cheech Marin
1252,Damon Wayans
1253,Jonathan Banks
1254,Stefania Sandrelli
1255,Gary Farmer
1256,Crispin Glover
1257,Olivier Martinez
1258,Pierre Arditi
1259,Robbie Lee
1260,Joanne Nail
1261,Monica Gayle
1262,Javier Bardem
1263,Josep Maria Flotats
1264,Christian Clavier
1265,Valérie Lemercier
1266,Zack Duhame
1267,Maila Nurmi
1268,Dolores Fuller
1269,Paul Marco
1270,Robin Tunney
1271,Fairuza Balk
1272,Neve Campbell
1273,Jean Andrews
1274,Judith Fyfe
1275,Rita Graham
1276,Eileen Atkins
1277,Kate Beckinsale
1278,Sheila Burrell
1279,Fred Williamson
1280,Jim Brown
1281,Pam Grier
1282,Rupert Everett
1283,François Hadji-Lazaro
1284,Anna Falchi
1285,Helen Hunt
1286,Jami Gertz
1287,Pamela Anderson
1288,Amir AboulEla
1289,Adriana Alexander
1290,Veronica Ferres
1291,Julia Stemberger
1292,Atsuko Tanaka
1293,Iemasa Kayumi
1294,Akio Ôtsuka
1295,Lucinda Jenney
1296,Nicollette Sheridan
1297,Charles Durning
1298,Om Puri
1299,Pawan Malhotra
1300,Angeline Ball
1301,Peter Sallis
1302,Anne Reid
1303,John Garfield
1304,Thomas Gomez
1305,Beatrice Pearson
1306,Jessica Lundy
1307,Richard Schiff
1308,Charles Laughton
1309,Binnie Barnes
1310,Richard Carlson
1311,Kyle McCulloch
1312,Gosia Dobrowolska
1313,Sarah Neville
1314,George Thrush
1315,Marya Cohn
1316,Ann O'Brien
1317,Vanessa Redgrave
1318,Edward Fox
1319,Anna Chlumsky
1320,Polly Draper
1321,Errol Flynn
1322,Dean Stockwell
1323,Paul Lukas
1324,Maggie Cheung
1325,Behzad Khodaveisi
1326,Fatemeh Azrah
1327,Abbas Khavaninzadeh
1328,Maya Lin
1329,Dominique Horwitz
1330,Thomas Kretschmann
1331,Jochen Nickel
1332,Alan E. Lorimer
1333,Wally Schaab
1334,Burt Reynolds
1335,Jared Leto
1336,Pruitt Taylor Vince
1337,Liv Tyler
1338,Shelley Winters
1339,Diane Lane
1340,Brian Kerwin
1341,Jared Harris
1342,Piper Laurie
1343,Sissy Spacek
1344,Tom Conti
1345,María Casares
1346,Maria Riva
1347,David Riva
1348,Arturo Cámara
1349,Silvia Morgan
1350,Juan Muñiz
1351,Serge Amougou
1352,Saïdou Abatcha
1353,Timoléon Luc Boyogueno
1354,Magaye Niang
1355,Myriam Niang
1356,Christoph Colomb
1357,Serge Yanogo
1358,Rosine Yanogo
1359,Joseph Nikiema
1360,Brigitte Bardot
1361,Matt Salinger
1362,Chris Cooper
1363,Patricia Clarkson
1364,Kris Kristofferson
1365,Ewen Bremner
1366,John Plumpis
1367,Mary Kay Bergman
1368,Leslie Mann
1369,Bill Murray
1370,Vanessa Williams
1371,James Coburn
1372,Dávid Vermes
1373,Pál Hetényi
1374,Frantisek Husák
1375,Alex Del Rosario
1376,Gandong Cervantes
1377,Lawrence David
1378,Robert McLane
1379,Curt Gareth
1380,Bo White
1381,Jeanne Moreau
1382,Luc Thuillier
1383,Amy Brenneman
1384,Viggo Mortensen
1385,Trini Alvarado
1386,Peter Dobson
1387,Elizabeth Peña
1388,Stephen Mendillo
1389,Michelle Trachtenberg
1390,Gregory Smith
1391,Kyra Sedgwick
1392,Forest Whitaker
1393,Amy Braverman
1394,Jennifer Aniston
1395,John Mahoney
1396,Dennis Franz
1397,Thora Birch
1398,Vincent Kartheiser
1399,Dirk Benedict
1400,Will Patton
1401,Shaquille O'Neal
1402,Ally Walker
1403,Scott Caan
1404,Lee Nashold
1405,Kevin Michael Richardson
1406,Sonia Braga
1407,Patrick Malahide
1408,Ion Caramitru
1409,Maurizio Nichetti
1410,Elena Sofia Ricci
1411,Amanda Sandrelli
1412,Simone Signoret
1413,Georges Marchal
1414,Charles Vanel
1415,Huw Garmon
1416,Catrin Fychan
1417,Ceri Cunnington
1418,André Eisermann
1419,Udo Samel
1420,Jeremy Clyde
1421,Luís Miguel Cintra
1422,Geneviève Bujold
1423,Megan Ward
1424,Billy West
1425,Goldie Hawn
1426,Bette Midler
1427,Guillermo Diaz
1428,Frederick Weller
1429,Brendan Corbalis
1430,Jon Lovitz
1431,Louise Fletcher
1432,Jermaine Hopkins
1433,Brian Hooks
1434,Claudia Kaleem
1435,Hedy Burress
1436,Jenny Lewis
1437,Rachel Weisz
1438,Mara Wilson
1439,James Cosmo
1440,Vincent Perez
1441,Mia Kirshner
1442,Richard Brooks
1443,Kevin Pollak
1444,Kyle Howard
1445,Lawrence Gilliard Jr.
1446,Wendell Holmes
1447,Barbara Gonzalez
1448,Siqin Gaowa
1449,Chung-Hua Tou
1450,Jingwu Ma
1451,Paul Austin
1452,Danny Nucci
1453,Marcia Gay Harden
1454,Stacy Keach
1455,Le Van Loc
1456,Nu Yên-Khê Tran
1457,Jeffrey Wright
1458,Benicio Del Toro
1459,Ernie Dingo
1460,Kinuyo Tanaka
1461,Teiji Takahashi
1462,Yûko Mochizuki
1463,Carla Benedetti
1464,Matteo Fadda
1465,Giacomo Fadda
1466,Dan Zhao
1467,Yinyan Wu
1468,Daolin Sun
1469,Marlon Brando
1470,Herb Caen
1471,Thomas J. Cahill
1472,Ronnie Davis
1473,Til Schweiger
1474,Katja Riemann
1475,Joachim Król
1476,Michelle Yeoh
1477,Scarlett Johansson
1478,Aleksa Palladino
1479,Mary Kay Place
1480,Julie Hagerty
1481,Iain Robertson
1482,Joe McFadden
1483,Steven Duffy
1484,Joe Pantoliano
1485,David Paymer
1486,Rosanna Arquette
1487,Ingrid Caven
1488,Rainer Werner Fassbinder
1489,Annemarie Düringer
1490,Robert Sean Leonard
1491,Ellen Greene
1492,Alexandra Paul
1493,Youssef Abed-Alnour
1494,Paul Gleason
1495,Bruklin Harris
1496,Anna Grace
1497,Sami Bouajila
1498,Nozha Khouadra
1499,Philippe Ambrosini
1500,Sinbad
1501,Brock Pierce
1502,Blake Boyd
1503,Michael Imperioli
1504,Joyce Phillips
1505,Haley Joel Osment
1506,Polly Walker
1507,Franco Nero
1508,Scott McAfee
1509,Candace Hutson
1510,Heather Hogan
1511,Jeff Bennett
1512,Ariane Schluter
1513,Ad van Kempen
1514,Carmen Maura
1515,Donald Pleasence
1516,Paul Rudd
1517,Marianne Hagan
1518,Richard E. Grant
1519,Imogen Stubbs
1520,Tony Robinow
1521,Nelly Alard
1522,Henry Jaglom
1523,Melissa Leo
1524,Élodie Bouchez
1525,Gaël Morel
1526,Stéphane Rideau
1527,Gary Cooper
1528,Ingrid Bergman
1529,Cary Grant
1530,James Stewart
1531,Gene Kelly
1532,Donald O'Connor
1533,Debbie Reynolds
1534,Leslie Caron
1535,Oscar Levant
1536,Audrey Hepburn
1537,Fred Astaire
1538,Kay Thompson
1539,George Peppard
1540,Patricia Neal
1541,Kim Novak
1542,Barbara Bel Geddes
1543,Grace Kelly
1544,Wendell Corey
1545,Clark Gable
1546,Claudette Colbert
1547,Walter Connolly
1548,Charles Boyer
1549,Joseph Cotten
1550,Ginger Rogers
1551,Alice Brady
1552,Eva Marie Saint
1553,James Mason
1554,Fred MacMurray
1555,Marilyn Monroe
1556,Humphrey Bogart
1557,Paul Henreid
1558,Mary Astor
1559,Gladys George
1560,Rex Harrison
1561,Stanley Holloway
1562,Gregory Peck
1563,Eddie Albert
1564,Shirley Temple
1565,Richard Greene
1566,Anita Louise
1567,Judy Garland
1568,Margaret O'Brien
1569,Frank Morgan
1570,Ray Bolger
1571,Vivien Leigh
1572,Thomas Mitchell
1573,Peter O'Toole
1574,Mark Linn-Baker
1575,Jessica Harper
1576,Orson Welles
1577,Dorothy Comingore
1578,Keir Dullea
1579,Gary Lockwood
1580,William Sylvester
1581,Ray Milland
1582,Murvyn Vye
1583,Bette Davis
1584,Anne Baxter
1585,George Sanders
1586,Norma Shearer
1587,Joan Crawford
1588,Rosalind Russell
1589,Laurence Olivier
1590,Joan Fontaine
1591,Joel McCrea
1592,Laraine Day
1593,Herbert Marshall
1594,Claude Rains
1595,Michael Chekhov
1596,Deborah Kerr
1597,Richard Denning
1598,Jessie Royce Landis
1599,Spencer Tracy
1600,Joan Bennett
1601,Elizabeth Taylor
1602,Cyd Charisse
1603,Greta Garbo
1604,Melvyn Douglas
1605,Ina Claire
1606,Maurice Chevalier
1607,Louis Jourdan
1608,Kay Kendall
1609,John Saxon
1610,Olivia de Havilland
1611,Basil Rathbone
1612,Tyrone Power
1613,Linda Darnell
1614,Gene Tierney
1615,Dana Andrews
1616,Clifton Webb
1617,Ronald Colman
1618,Jane Wyatt
1619,Edward Everett Horton
1620,Carole Lombard
1621,Jack Benny
1622,Robert Stack
1623,William Powell
1624,Rock Hudson
1625,James Dean
1626,Raymond Massey
1627,Julie Harris
1628,Myrna Loy
1629,Maureen O'Sullivan
1630,David Niven
1631,Cantinflas
1632,Finlay Currie
1633,Donna Reed
1634,Lionel Barrymore
1635,Jean Arthur
1636,Charles Ruggles
1637,Irene Dunne
1638,Beulah Bondi
1639,Lillian Gish
1640,Lars Hanson
1641,Henry B. Walthall
1642,Barbara Stanwyck
1643,Michael O'Shea
1644,Iris Adrian
1645,Leslie Howard
1646,Frances Dee
1647,Paul Muni
1648,Freddie Bartholomew
1649,Dolores Costello
1650,C. Aubrey Smith
1651,The Dead End Kids
1652,Danny Kaye
1653,Walter Slezak
1654,Barbara Bates
1655,John Wayne
1656,Gail Russell
1657,Harry Carey
1658,Robert Donat
1659,Madeleine Carroll
1660,Lucie Mannheim
1661,Richard Conte
1662,George Tyne
1663,Jack Buetel
1664,Jane Russell
1665,Duane Jones
1666,Judith O'Dea
1667,Karl Hardman
1668,Robert Morley
1669,Burl Ives
1670,Van Johnson
1671,Walter Pidgeon
1672,Edward Arnold
1673,Hedy Lamarr
1674,Sigrid Gurie
1675,James Cagney
1676,Evelyn Daw
1677,William Frawley
1678,Helen Hayes
1679,Adolphe Menjou
1680,Chester Morris
1681,Madge Evans
1682,Leo Carrillo
1683,Emil Jannings
1684,Kurt Gerron
1685,John Lynch
1686,James Frain
1687,Elizabeth Hurley
1688,Thokozani Nkosi
1689,Betty Field
1690,Bernard Hill
1691,John Hannah
1692,Mark Anthony
1693,Jeff Daniels
1694,Illeana Douglas
1695,Sissy Boyd
1696,Peter Greene
1697,Jeffrey Force
1698,Tony Shalhoub
1699,Marc Anthony
1700,Bruce Dern
1701,William Sanderson
1702,Arie Verveen
1703,Queen Latifah
1704,Vivica A. Fox
1705,Teri Hatcher
1706,Danny Aiello
1707,Angela Jones
1708,Matt Ross
1709,Catherine Curtin
1710,Timothy Pilato
1711,Jeffrey Nordling
1712,David Selby
1713,Bill Bixby
1714,Susan Clark
1715,Don Knotts
1716,Fess Parker
1717,Buddy Ebsen
1718,Basil Ruysdael
1719,Ken Berry
1720,Stefanie Powers
1721,Dorothy McGuire
1722,Tommy Kirk
1723,Hayley Mills
1724,Maureen O'Hara
1725,Brian Keith
1726,Jane Wyman
1727,Richard Egan
1728,Don Ameche
1729,Jean Hagen
1730,John Mills
1731,James MacArthur
1732,Dean Jones
1733,Dorothy Provine
1734,Kirk Douglas
1735,Doug E. Doug
1736,Brenda Fricker
1737,Tony Danza
1738,Ilene Woods
1739,Eleanor Audley
1740,Verna Felton
1741,Sebastian Cabot
1742,John Fiedler
1743,Rickie Sorensen
1744,Karl Swenson
1745,Julie Andrews
1746,Dick Van Dyke
1747,David Tomlinson
1748,Edward Brophy
1749,James Baskett
1750,Sean Marshall
1751,Helen Reddy
1752,Jim Dale
1753,Angela Lansbury
1754,Roddy McDowall
1755,Kathryn Beaumont
1756,Ed Wynn
1757,Richard Haydn
1758,Mickey Rooney
1759,Pearl Bailey
1760,Christopher Plummer
1761,Eleanor Parker
1762,Bonnie Bedelia
1763,Jeff Fahey
1764,Jenny Wright
1765,AlexEnglish
1766,Scott Bakatman
1767,John Perry Barlow
1768,Timothy Spall
1769,Brenda Blethyn
1770,Phyllis Logan
1771,Charlize Theron
1772,Claire Danes
1773,Natascha McElhone
1774,Lainie Kazan
1775,Paul Sorvino
1776,Barbara Carrera
1777,Glen Berry
1778,Linda Henry
1779,Scott Neal
1780,Yvonne Zima
1781,Mark Boone Junior
1782,Bruce A. Young
1783,Ossie Davis
1784,Andre Braugher
1785,René Lavan
1786,Mayte Vilán
1787,Miguel Gutiérrez
1788,Vince Vaughn
1789,Heather Graham
1790,Tony Epper
1791,Val Bettin
1792,Jim Cummings
1793,Gilbert Gottfried
1794,George Burns
1795,Gracie Allen
1796,Robert Young
1797,Robert Mitchum
1798,Dick Powell
1799,Claire Trevor
1800,Anne Shirley
1801,William Bendix
1802,Peter Wyngarde
1803,Megs Jenkins
1804,John Beck
1805,Louise Lasser
1806,Carlos Montalbán
1807,John Cleese
1808,Graham Chapman
1809,Michael Palin
1810,Robert Preston
1811,Robert Redford
1812,Peter Boyle
1813,Natalie Wood
1814,Michael J. Pollard
1815,Felipe Pazos
1816,Harry Bellaver
1817,Robert Cummings
1818,Ying Huang
1819,Richard Troxell
1820,Ning Liang
1821,Jennifer Grey
1822,Jerry Orbach
1823,Jonathan Silverman
1824,Catherine Mary Stewart
1825,Robby Krieger
1826,Ray Manzarek
1827,John Densmore
1828,Jim Morrison
1829,Stephen Rea
1830,Henry Thomas
1831,Reginald Owen
1832,Gene Lockhart
1833,Kathleen Lockhart
1834,Kelly McGillis
1835,Scott Plank
1836,Melora Walters
1837,Sal Mineo
1838,Kim Hunter
1839,John Gielgud
1840,Brendan Kelly
1841,John Salemmo
1842,Nadine Miral
1843,Jacques Perrin
1844,Eli Wallach
1845,Chris Penn
1846,Michael Albanese
1847,Evi Allen
1848,Shannon Barry
1849,Virginie Ledoyen
1850,Benoît Magimel
1851,Dominique Valadié
1852,Pascal Duquenne
1853,Courtney Love
1854,Don Baker
1855,Mark Goodin
1856,Mark Merritt
1857,Henry Fonda
1858,Rik Mayall
1859,Marsha Mason
1860,Michael Biehn
1861,Adrienne Barbeau
1862,Janet Leigh
1863,Lee Van Cleef
1864,Yves Montand
1865,Kim Wayans
1866,Daniel Beer
1867,Daria Lynn
1868,Eileen Brennan
1869,Tony Ward
1870,Bruce La Bruce
1871,Kevin P. Scott
1872,Jim Pryor
1873,Fred Worrell
1874,Bob Signoracci
1875,Monica Bell
1876,Carol Schneider
1877,Ellen McLaughlin
1878,Lenny von Dohlen
1879,Rijk de Gooyer
1880,Josse De Pauw
1881,Kitty Courbois
1882,Anna Galiena
1883,Warren Miller
1884,Suzanne Sawyer
1885,John Egan
1886,Callum Keith Rennie
1887,Muhammad Ali
1888,George Foreman
1889,Don King
1890,Nathalie Baye
1891,Maurice Barrier
1892,Petr Cepek
1893,Jan Kraus
1894,Vladimír Kudla
1895,Richard Basehart
1896,Scott Brady
1897,Roy Roberts
1898,Dennis O'Keefe
1899,Marsha Hunt
1900,Wallace Ford
1901,Alfred Ryder
1902,George Barbier
1903,Joe Morrison
1904,Mary Boland
1905,W.C. Fields
1906,David Bennent
1907,Mario Adorf
1908,Angela Winkler
1909,Alastair Sim
1910,Arthur Lowe
1911,Elsa Zylberstein
1912,Florence Thomassin
1913,Russ Little
1914,Tinka Menkes
1915,Robert Muller
1916,Laurie Metcalf
1917,Maria Pitillo
1918,Mariel Hemingway
1919,Michael Paré
1920,Mason Gamble
1921,Lewie Anderson
1922,R.J. Bergstrom
1923,Ron Bergstrom
1924,Phillip Rhee
1925,Enzo Cannavale
1926,Antonella Attili
1927,Richard Bohringer
1928,Michael Gambon
1929,Marie-Laure Dougnac
1930,Dominique Pinon
1931,Pascal Benezech
1932,Wladyslaw Kowalski
1933,Halina Gryglaszewska
1934,Ralph Meeker
1935,Adrian Dunbar
1936,Brian Flanagan
1937,Diego Abatantuono
1938,Claudio Bigagli
1939,Giuseppe Cederna
1940,Alison Whelan
1941,Paul Mercurio
1942,Tara Morice
1943,Randall Adams
1944,David Harris
1945,Gus Rose
1946,Donna DeLory
1947,Niki Haris
1948,Brooke Xtravaganza
1949,André Christian
1950,Dorian Corey
1951,Michael Berryman
1952,Tommy Chong
1953,Strother Martin
1954,Mandy Patinkin
1955,Karen Allen
1956,Paul Freeman
1957,Kim Greist
1958,Carrie Henn
1959,Paul McGann
1960,Richard Griffiths
1961,Martin Balsam
1962,Lee J. Cobb
1963,Alec Guinness
1964,Leonard Nimoy
1965,Malcolm McDowell
1966,Patrick Magee
1967,Michael Bates
1968,John Megna
1969,Frank Overton
1970,Bruno Ganz
1971,Solveig Dommartin
1972,Otto Sander
1973,Alida Valli
1974,Tom Skerritt
1975,Jean-Marc Barr
1976,Tatsuya Nakadai
1977,Akira Terao
1978,Jinpachi Nezu
1979,Chow Yun-Fat
1980,Danny Lee
1981,Sally Yeh
1982,Anthony Perkins
1983,Vera Miles
1984,John Belushi
1985,Cab Calloway
1986,R. Lee Ermey
1987,Derek Jacobi
1988,Simon Shepherd
1989,Elizabeth Berridge
1990,Barry Fitzgerald
1991,Tony Roberts
1992,Alisa Freyndlikh
1993,Aleksandr Kaydanovskiy
1994,Anatoliy Solonitsyn
1995,Tina Engel
1996,Hans Diehl
1997,Martin Walz
1998,Robert Shaw
1999,Ruth Gordon
2000,Bud Cort
2001,Vivian Pickles
2002,Adrienne Shelly
2003,Rebecca Nelson
2004,Max von Sydow
2005,Gunnar Björnstrand
2006,Bengt Ekerot
2007,Burt Lancaster
2008,Fulton Mackay
2009,Katharine Ross
2010,Charlton Heston
2011,Marc Duret
2012,Patrick Fontana
2013,Jack Hawkins
2014,John Huston
2015,Michael Rennie
2016,Hugh Marlowe
2017,Walter Huston
2018,Tim Holt
2019,Terry Potter
2020,Pete O'Herne
2021,Craig Smith
2022,Groucho Marx
2023,Harpo Marx
2024,Chico Marx
2025,David Ogden Stiers
2026,Kim Darby
2027,Shelley Duvall
2028,Danny Lloyd
2029,Wil Wheaton
2030,River Phoenix
2031,Corey Feldman
2032,Peter Lorre
2033,Ellen Widmann
2034,Inge Landgut
2035,Steve McQueen
2036,John Cazale
2037,Wilhelmenia Fernandez
2038,Frédéric Andréi
2039,Roland Bertin
2040,Frank Sinatra
2041,Laurence Harvey
2042,Anthony Luke Lucero
2043,Priscilla Lane
2044,Lea Thompson
2045,Karl Malden
2046,Stephen Young
2047,Tom Waits
2048,John Lurie
2049,Roberto Benigni
2050,Mitsuo Iwata
2051,Nozomu Sasaki
2052,Mami Koyama
2053,Clancy Brown
2054,Anne Brochet
2055,Gene Wilder
2056,Marty Feldman
2057,Lisanne Falk
2058,Saifei He
2059,Charles Chaplin
2060,Paulette Goddard
2061,Jack Oakie
2062,Leopold Stokowski
2063,Deems Taylor
2064,The Philadelphia Orchestra
2065,Lauren Bacall
2066,John Ridgely
2067,Jane Seymour
2068,Haya Harareet
2069,Rob Reiner
2070,Michael McKean
2071,Christopher Guest
2072,Alison Doody
2073,Peter Sellers
2074,Rohini Hattangadi
2075,Elliott Gould
2076,Stacy Peralta
2077,Daniel Ades
2078,Andres Aybar
2079,Bob Geldof
2080,Christine Hargreaves
2081,James Laurenson
2082,Anton Glanzelius
2083,Tomas von Brömssen
2084,Anki Lidén
2085,Anne Francis
2086,Michael Caine
2087,Harry Dean Stanton
2088,Pietro Falcone
2089,John Stockwell
2090,Brian Drillinger
2091,Gabriel Mann
2092,Laurence Mason
2093,Murphy Guyer
2094,7 Year Bitch
2095,Valerie M. Agnew
2096,Carrie Akre
2097,Hulk Hogan
2098,Don Stark
2099,Robin Curtis
2100,Tilda Swinton
2101,Amy Madigan
2102,Henry Silva
2103,Susan Floyd
2104,Dan Futterman
2105,Joanna Chang
2106,Silje Marie Erstad Lien
2107,Hans Otto Bordvik
2108,Tord Brænne
2109,Catherine Zeta-Jones
2110,David Naughton
2111,Jenny Agutter
2112,Joe Belcher
2113,Stephen Macht
2114,Shawn Weatherly
2115,Damon Martin
2116,Tess Harper
2117,Robert Joy
2118,Robin Thomas
2119,Starr Andreeff
2120,Allen Cutler
2121,Rachel Duncan
2122,Ross Partridge
2123,Julia Nickson
2124,Lala Sloatman
2125,James Olson
2126,Burt Young
2127,Rutanya Alda
2128,Margot Kidder
2129,Rod Steiger
2130,Kim Coates
2131,Dawna Wightman
2132,Helen Hughes
2133,David Stein
2134,Joe Dallesandro
2135,Udo Kier
2136,Vittorio De Sica
2137,Deborah Foreman
2138,Griffin O'Neal
2139,Clayton Rohner
2140,Helen Shaver
2141,Harley Cross
2142,Rod Taylor
2143,Tippi Hedren
2144,Aneta Corsaut
2145,Earl Rowe
2146,Lindsay Duncan
2147,Kim Delaney
2148,Boris Karloff
2149,Bela Lugosi
2150,Henry Daniell
2151,Francis Ford Coppola
2152,Donald A. Reed
2153,Elsa Lanchester
2154,Colin Clive
2155,Karen Black
2156,Oliver Reed
2157,Burgess Meredith
2158,Polly Bergen
2159,John Heard
2160,Heather Langenkamp
2161,Robert Englund
2162,Max Schreck
2163,Alexander Granach
2164,Gustav von Wangenheim
2165,Lee Remick
2166,David Warner
2167,Barbra Streisand
2168,Emily Watson
2169,Anais Evans
2170,Geoffrey Rush
2171,Justin Braine
2172,Billy Bob Thornton
2173,Dwight Yoakam
2174,Tomas Milian
2175,Daniela Silverio
2176,Christine Boisson
2177,Tony Brooks
2178,Diana Davis
2179,Terry Wood
2180,Gard B. Eidsvold
2181,Bjørn Sundquist
2182,Charles Berling
2183,Jean Rochefort
2184,Fanny Ardant
2185,Paul Scofield
2186,Joely Richardson
2187,Yekaterina Golubeva
2188,Richard Courcet
2189,Vincent Dupont
2190,William Shatner
2191,DeForest Kelley
2192,Olivia Newton-John
2193,Maxwell Caulfield
2194,Lorna Luft
2195,Joanna Pacula
2196,Basil Wallace
2197,Norbert Weisser
2198,Benjamin Ungar
2199,Sterling Hayden
2200,Carol Kelly
2201,Roy Scheider
2202,Lorraine Gary
2203,Murray Hamilton
2204,Bess Armstrong
2205,Simon MacCorkindale
2206,Swoosie Kurtz
2207,Trey Wilson
2208,Barbara Hershey
2209,Sidney Poitier
2210,Mackenzie Astin
2211,Johnny Whitworth
2212,Mike Judge
2213,Russell Means
2214,Julie Christie
2215,Fionnula Flanagan
2216,Aidan Gillen
2217,Ann Wedgeworth
2218,Paul Collins
2219,Laurence Côte
2220,David Gulpilil
2221,Luc Roeg
2222,Ian Anderson
2223,Joan Baez
2224,Martin Barre
2225,Daniel Benzali
2226,Louis Gossett Jr.
2227,Kathleen Quinlan
2228,Arnold Vosloo
2229,Brendan Gleeson
2230,Kim Miyori
2231,Colin Baker
2232,Louise Jameson
2233,David Troughton
2234,John Wadmore
2235,Susannah York
2236,Andrew Robertson
2237,Alice Coulthard
2238,Jamie Renée Smith
2239,Rodney Dangerfield
2240,Debi Mazar
2241,Ed O'Neill
2242,Harriet Goldstein Darr
2243,Julius Epstein
2244,Max Epstein
2245,Zdenek Sverák
2246,Andrey Khalimon
2247,Libuse Safránková
2248,Jerry Archbold
2249,Fritz Benedict
2250,Bill Bowerman
2251,Fred Willard
2252,Sergey Bodrov
2253,Susanna Mekhraliyeva
2254,Fran Drescher
2255,Timothy Dalton
2256,Aden Young
2257,Saffron Burrows
2258,Simon Bossell
2259,Jeffrey Jones
2260,Edoardo Ballerini
2261,Matthew Perry
2262,Skeet Ulrich
2263,Geraldo Rivera
2264,Maria Caceres
2265,Paula Marshall
2266,John Roselius
2267,Ving Rhames
2268,Don Cheadle
2269,Jamie Foxx
2270,Tommy Davidson
2271,B-Real
2272,Kurtis Blow
2273,Da Brat
2274,Michael Saucedo
2275,Justin Urich
2276,Travis Sher
2277,Dean Cain
2278,Naveen Andrews
2279,Sarita Choudhury
2280,Indira Varma
2281,Howard Stern
2282,Mary McCormack
2283,Robin Quivers
2284,Jens Jørgen Fleischer
2285,Agga Olsen
2286,Donal O'Kelly
2287,Ger Ryan
2288,Hope Davis
2289,Maura Tierney
2290,Amanda Donohoe
2291,Celine O'Leary
2292,Chloe Ferguson
2293,Paul Blackwell
2294,Margaret Colin
2295,Jasmine Guy
2296,Natalie Cole
2297,Natalie Desselle Reid
2298,Frances O'Connor
2299,Alice Garner
2300,Matt Day
2301,Jason David Frank
2302,Catherine Sutherland
2303,Hilary Shepard
2304,Sophie Marceau
2305,Dennis Rodman
2306,Mickey Rourke
2307,Deborah Kara Unger
2308,Molly Parker
2309,Jay Brazeau
2310,Andy Comeau
2311,Sam Bould
2312,Pauline Collins
2313,Julianna Margulies
2314,Alison Folland
2315,Tara Subkoff
2316,Cole Hauser
2317,Nick Chinlund
2318,Michael Raynor
2319,Pierre Richard
2320,Nino Kirtadze
2321,Micheline Presle
2322,Lisa Kudrow
2323,Kevin Lin
2324,Gaby Hoffmann
2325,Aleksandra Vujcic
2326,Julian Arahanga
2327,Monica Keena
2328,Daisy Eagan
2329,Gordon Currie
2330,Kim Dickens
2331,Vincent Gallo
2332,Michael Dolan
2333,Angus Macfadyen
2334,Mario Yedidia
2335,Marley Shelton
2336,Julia Louis-Dreyfus
2337,Milla Jovovich
2338,Julie Walters
2339,Matthew Walker
2340,Rachel True
2341,Nathan Bexton
2342,Beau Bridges
2343,Tisha Campbell
2344,Paula Jai Parker
2345,Jérémie Renier
2346,Olivier Gourmet
2347,Assita Ouedraogo
2348,Stephen Spinella
2349,Stephen Bogardus
2350,Kôji Yakusho
2351,Tamiyo Kusakari
2352,Naoto Takenaka
2353,Jamie Williams
2354,Billy Campbell
2355,Llyr Ifans
2356,Rhys Ifans
2357,Dorien Thomas
2358,Kelly Preston
2359,Mike Nichols
2360,David de Keyser
2361,Victoire Thivisol
2362,Delphine Schiltz
2363,Matiaz Bureau Caton
2364,Steven Soderbergh
2365,Scott Allen
2366,Betsy Brantley
2367,Tammy Dukes
2368,Phil Guye
2369,Shiloh McCormick
2370,Dr. Philgood
2371,Robbie Coltrane
2372,Alan Cumming
2373,Connie Nelson
2374,Dee Hennigan
2375,Gary Mitchell Carter
2376,Vivian Wu
2377,Yoshi Oida
2378,Sandrine Kiberlain
2379,Arnaud Giovaninetti
2380,Roschdy Zem
2381,Tim Guinee
2382,Charlene Prickett
2383,Paulina Porizkova
2384,Julie Warner
2385,Brad Hunt
2386,Tate Donovan
2387,Susan Egan
2388,Thomas Jane
2389,Adrien Brody
2390,Joanna Merlin
2391,Kathleen Chalfant
2392,Catherine Kellner
2393,Tomorô Taguchi
2394,Shin'ya Tsukamoto
2395,Nobu Kanaoka
2396,Amanda De Cadenet
2397,Rudolf Martin
2398,Shaghayeh Djodat
2399,Hossein Moharami
2400,Rogheih Moharami
2401,Makoto Fujita
2402,Kunihiko Mitamura
2403,Hiroaki Murakami
2404,Oliver Cotton
2405,Tony Bluto
2406,Paul Brightwell
2407,Madeleine Assas
2408,Ghalya Lacroix
2409,Bérangère Allaux
2410,Dyan Cannon
2411,Devon Sawa
2412,Scott Bairstow
2413,Robert Pastorelli
2414,Miranda Otto
2415,Rebecca Frith
2416,George Shevtsov
2417,Thomas Haden Church
2418,Michael Jai White
2419,Michael Jeter
2420,Kevin Zegers
2421,Wendy Makkena
2422,Jay Mohr
2423,Aaron Eckhart
2424,Matt Malloy
2425,Stacy Edwards
2426,August Schellenberg
2427,Lynda Steadman
2428,Kate Byers
2429,Judd Nelson
2430,Janine Turner
2431,Cameron Finley
2432,Alexander Goodwin
2433,Heather Locklear
2434,Kevin Sorbo
2435,Thomas Ian Griffith
2436,Edward Asner
2437,Mike Farrell
2438,Nick Scotti
2439,Anthony Barrile
2440,Douglas Spain
2441,Efrain Figueroa
2442,Kandeyce Jorden
2443,Tom Selleck
2444,Elle Macpherson
2445,Marcel Iures
2446,BD Wong
2447,Kevin Corrigan
2448,Tammy Lauren
2449,Andrew Divoff
2450,Angus Scrimm
2451,Marg Helgenberger
2452,David O'Hara
2453,Milo O'Shea
2454,Sally Kellerman
2455,Ed Begley Jr.
2456,Sandra Taylor
2457,Patricia Richardson
2458,Christine Dunford
2459,William Cain
2460,Jerry Stiller
2461,Ben Affleck
2462,Joey Lauren Adams
2463,Ethan Suplee
2464,Bill Bellamy
2465,Lark Voorhies
2466,Mark Addy
2467,Judi Dench
2468,Geoffrey Palmer
2469,Jennifer Love Hewitt
2470,Sarah Michelle Gellar
2471,David Duchovny
2472,Tori Spelling
2473,Dave Hoover
2474,George Mendonça
2475,Rodney Brooks
2476,Maximilian Schell
2477,Neil Young
2478,Ralph Molina
2479,Gore Vidal
2480,Florence Hoath
2481,Elizabeth Earl
2482,Joanna Going
2483,Bill Griffith
2484,John McGarr
2485,Eddie Money
2486,Jurnee Smollett
2487,Meagan Good
2488,Claudia Stedelin
2489,Lela Rochon
2490,Harold Ramis
2491,Alyssa Milano
2492,Alan Alda
2493,Sally Potter
2494,Pablo Verón
2495,Morgane Maugran
2496,Matt Damon
2497,Thomas Lockyer
2498,Casper Van Dien
2499,Denise Richards
2500,Tamlyn Tomita
2501,Rosalind Chao
2502,Kieu Chinh
2503,Talisa Soto
2504,Alex Jennings
2505,Michael Kitchen
2506,Bai Ling
2507,Bradley Whitford
2508,Djimon Hounsou
2509,Todd Allen
2510,Paul Bagget
2511,Valentina Cervi
2512,Mick Jagger
2513,Marc Messier
2514,Rémy Girard
2515,Patrick Huard
2516,Kimber Riddle
2517,Alex D. Linz
2518,Olek Krupa
2519,Rya Kihlstedt
2520,Akosua Busia
2521,De'aundre Bonds
2522,Jeffrey Dean Morgan
2523,Phil Morris
2524,Alexis Arquette
2525,Georgia Ragsdale
2526,Florina Rodov
2527,Jason Brill
2528,Eddie Malavarca
2529,Michele Greene
2530,Bruce Dinsmore
2531,Steve Railsback
2532,Ian Holm
2533,Sarah Polley
2534,Caerthan Banks
2535,Billy Zane
2536,Ray Aranha
2537,Keivyn McNeill Grayes
2538,Elise Ballard
2539,Pascal Cervo
2540,Joseph Ashton
2541,Tantoo Cardinal
2542,Phyllida Law
2543,Sheila Reid
2544,Robert Forster
2545,Tenzin Thuthob Tsarong
2546,Gyurme Tethong
2547,Tulku Jamyang Kunga Tenzin
2548,Hank Azaria
2549,Blaine Capatch
2550,Patton Oswalt
2551,Chris Rush
2552,Kaela Dobkin
2553,Raymond Serra
2554,Ernesto Gómez Cruz
2555,María Rojo
2556,Damon Saleem
2557,Howie Long
2558,Brad Dourif
2559,Rufus Sewell
2560,Jon Bon Jovi
2561,Lambert Wilson
2562,Joey Simmrin
2563,Alex Daniels
2564,Dave Chappelle
2565,Jim Breuer
2566,Stuart Townsend
2567,Russell Wong
2568,Catherine McCormack
2569,Oliver Platt
2570,Pedro Cardoso
2571,Fernanda Torres
2572,Mel B
2573,Emma Bunton
2574,Melanie C
2575,Treat Williams
2576,Famke Janssen
2577,Anthony Heald
2578,Jason Brouwer
2579,T.J. Timon
2580,Ronnie Walsh
2581,Bret Michaels
2582,Kristi Gibson
2583,Gretchen Mol
2584,Asia Argento
2585,Miguel Ferrer
2586,Julie Entwisle
2587,Dan Monahan
2588,Walter Levine
2589,Kaori Fujii
2590,Kôji Tsukamoto
2591,Melissa De Sousa
2592,John Witherspoon
2593,Cedric The Entertainer
2594,Olympia Dukakis
2595,Damián Delgado
2596,Dan Rivera González
2597,Barry Yourgrau
2598,Peta Wilson
2599,Barbara Baumann
2600,Susie Porter
2601,Fiona Loewi
2602,Matt George
2603,Matty Liu
2604,Shane Dorian
2605,Lhakpa Dorji
2606,Dorje Sherpa
2607,Monica Potter
2608,Michael Parks
2609,Joseph Cross
2610,Timothy Reifsnyder
2611,Romano Orzari
2612,Marisa Malone
2613,Ivaylo Founev
2614,Brea Asher
2615,Natasha Gregson Wagner
2616,Kali Rocha
2617,Paul Walker
2618,Steve Van Wormer
2619,A.J. Langer
2620,George Hearn
2621,Shirley Douglas
2622,Trevor Morgan
2623,Michael Moore
2624,Elaine Bly
2625,Dan Burns
2626,Yûki Kudô
2627,Kenji Isomura
2628,Miko Hughes
2629,Ricky Jay
2630,Rebecca Pidgeon
2631,Richard Riehle
2632,Gheorghe Muresan
2633,Ray Allen
2634,Adam Trese
2635,Bronson Pinchot
2636,Jennifer Coolidge
2637,Liberto Rabal
2638,Francesca Neri
2639,Ray Winstone
2640,Kathy Burke
2641,Charlie Creed-Miles
2642,Tom Gilroy
2643,Margaret Welsh
2644,Mitchell Lichtenstein
2645,Mark Williams
2646,Stephen Moyer
2647,Katherine Heigl
2648,Sean Tataryn
2649,Christopher Bradley
2650,Geoff Moody
2651,Coolio
2652,Chuck D
2653,Mili Avital
2654,Jenna Elfman
2655,Natasha Lyonne
2656,Kurt Cobain
2657,Miki Lee
2658,Homayoun Ershadi
2659,Abdolhosein Bagheri
2660,Afshin Khorshid Bakhtiari
2661,Pavlik Jansen op de Haar
2662,Fedja van Huêt
2663,Robert Skjærstad
2664,Andrine Sæther
2665,Per Egil Aske
2666,Craig Bierko
2667,Jack Burns
2668,Christina Applegate
2669,Randy Travis
2670,Meat Loaf
2671,Breckin Meyer
2672,Peter Facinelli
2673,Eddie Mills
2674,Tetyana Kryvytska Stang Lund
2675,Aleksandr Lazarev
2676,Anzhelika Nevolina
2677,Juliet Aubrey
2678,James Nesbitt
2679,Lou Rawls
2680,Kathleen Fee
2681,Michael Caloz
2682,Chris Leavins
2683,Ian Parsons
2684,Sam Rockwell
2685,Mischa Barton
2686,Jessalyn Gilsig
2687,Andrea Corr
2688,Kimberly Deauna Adams
2689,Tobey Maguire
2690,Master P
2691,Anthony Johnson
2692,Gretchen Palmer
2693,Harry Connick Jr.
2694,Sverre Anker Ousdal
2695,Maria Mathiesen
2696,Ryan Phillippe
2697,Paolo Rotondo
2698,Paul Glover
2699,Chris Graham
2700,Sylvie Testud
2701,Tatjana Trieb
2702,Howie Seago
2703,Ethan Embry
2704,Charlie Korsmo
2705,Radha Mitchell
2706,Ally Sheedy
2707,Anna Friel
2708,Nathan A. Barbour
2709,Karen Brown
2710,Patsy Clarke
2711,Ione Skye
2712,Thomas Jay Ryan
2713,James Urbaniak
2714,Vahina Giocante
2715,Frédéric Malgras
2716,Nicolas Welbers
2717,David Williamson
2718,Peter McDonald
2719,Antoine Byrne
2720,Rachel Roberts
2721,Anne-Louise Lambert
2722,Vivean Gray
2723,Adam Beach
2724,Evan Adams
2725,Irene Bedard
2726,Jean-Yves Gautier
2727,Leonor Silveira
2728,Ben Gazzara
2729,Hatty Jones
2730,David Cross
2731,Sean Gullette
2732,Mark Margolis
2733,Ben Shenkman
2734,Liza Weil
2735,Chad Morgan
2736,Frederic Forrest
2737,Clara Bow
2738,Charles 'Buddy' Rogers
2739,Richard Arlen
2740,Bessie Love
2741,Anita Page
2742,Charles King
2743,Lew Ayres
2744,Louis Wolheim
2745,John Wray
2746,Richard Dix
2747,Estelle Taylor
2748,John Barrymore
2749,Diana Wynyard
2750,Clive Brook
2751,Una O'Connor
2752,Franchot Tone
2753,Luise Rainer
2754,Gale Sondergaard
2755,Joseph Schildkraut
2756,Anna Lee
2757,Greer Garson
2758,Teresa Wright
2759,Bing Crosby
2760,Frank McHugh
2761,Phillip Terry
2762,Fredric March
2763,Jean Simmons
2764,John Laurie
2765,Broderick Crawford
2766,John Ireland
2767,Joanne Dru
2768,Betty Hutton
2769,Montgomery Clift
2770,Betsy Blair
2771,Esther Minciotti
2772,George Chakiris
2773,Richard Beymer
2774,George Devine
2775,Wendy Hiller
2776,Warren Oates
2777,Mark Lester
2778,Ron Moody
2779,Shani Wallis
2780,Sylvia Miles
2781,Fernando Rey
2782,Mary Tyler Moore
2783,Judd Hirsch
2784,Ben Cross
2785,Ian Charleson
2786,Nicholas Farrell
2787,Klaus Maria Brandauer
2788,Janet Margolin
2789,Marcel Hillaire
2790,Charles Cioffi
2791,Tracey Walter
2792,David Bowie
2793,Toby Froud
2794,Molly Ringwald
2795,Craig Wasson
2796,Rodney Eastman
2797,John Beckman
2798,Lisa Zane
2799,Shon Greenblatt
2800,Betsy Palmer
2801,Adrienne King
2802,Jeannine Taylor
2803,Amy Steel
2804,John Furey
2805,Erich Anderson
2806,Judie Aronson
2807,Peter Barton
2808,Thom Mathews
2809,Jennifer Cooke
2810,David Kagen
2811,Jensen Daggett
2812,Kane Hodder
2813,Todd Caldecott
2814,Tony Moran
2815,Charles Cyphers
2816,Ellie Cornell
2817,Danielle Harris
2818,Casey Stevens
2819,Lisa Schrage
2820,Wendy Lyon
2821,Catherine Hicks
2822,Alex Vincent
2823,Gerrit Graham
2824,JoBeth Williams
2825,Heather O'Rourke
2826,Craig T. Nelson
2827,Linda Blair
2828,Richard Burton
2829,Ed Flanders
2830,Zach Galligan
2831,Hoyt Axton
2832,Howie Mandel
2833,Josh Brolin
2834,Jeff Cohen
2835,Edward G. Robinson
2836,Leigh Taylor-Young
2837,Nancy Olson
2838,Keenan Wynn
2839,Tim Conway
2840,Tommy Sands
2841,Annette Funicello
2842,Hardie Albright
2843,Stan Alexander
2844,Bobette Audrey
2845,Toshirô Mifune
2846,Takashi Shimura
2847,Keiko Tsushima
2848,Francesca Annis
2849,Leonardo Cimino
2850,Paul Greco
2851,Darwyn Carson
2852,Dominique Swain
2853,James Marsden
2854,Katie Holmes
2855,Joe Flynn
2856,Harry Morgan
2857,Grant Bardsley
2858,Freddie Jones
2859,Susan Sheridan
2860,Peter Ustinov
2861,Suzanne Pleshette
2862,Brian Bonsall
2863,Karen Duffy
2864,Sandy Duncan
2865,Keith Coogan
2866,Lucy Deakins
2867,Colin Mothupi
2868,Michael Crawford
2869,Kathryn Erbe
2870,Michael Tucker
2871,Albert Sharpe
2872,Janet Munro
2873,Bill Cosby
2874,Susan Anspach
2875,Joey Cramer
2876,Paul Reubens
2877,Cliff De Young
2878,Walter Brennan
2879,Matthew Garber
2880,Karen Dotrice
2881,Vincent Price
2882,Barrie Ingham
2883,Tommy Steele
2884,Charles Martin Smith
2885,Stephen W. Burns
2886,Cloris Leachman
2887,Julie Sommars
2888,Marcia Strassman
2889,Robert Oliveri
2890,Karen Valentine
2891,Émile Genest
2892,John Drainie
2893,Tommy Tweed
2894,Lindsay Lohan
2895,Trey Parker
2896,Matt Stone
2897,Dian Bachar
2898,Rick Stribling
2899,Ken Bondy
2900,Amy Minda Cohen
2901,Vincent Lindon
2902,François Berléand
2903,Roger B. Smith
2904,Rhonda Britton
2905,Jane Greer
2906,Omar Sharif
2907,Geraldine Chaplin
2908,Bertil Guve
2909,Pernilla Allwin
2910,Kristina Adolphson
2911,Geraldine Page
2912,Carlin Glynn
2913,Betty Buckley
2914,Sam Robards
2915,Dirk Bogarde
2916,Charlotte Rampling
2917,Philippe Leroy
2918,Ildikó Bánsági
2919,Krystyna Janda
2920,Meredith Salenger
2921,Jed
2922,Louis Prima
2923,Peter Finch
2924,Bernard Lee
2925,Barbara Luddy
2926,Larry Roberts
2927,Peggy Lee
2928,Jodi Benson
2929,Samuel E. Wright
2930,Rene Auberjonois
2931,Dave Goelz
2932,Steve Whitmire
2933,Gary Basaraba
2934,Bobby Driscoll
2935,Hans Conried
2936,Ray Walston
2937,Bob Newhart
2938,Christopher Lee
2939,Kim Richards
2940,Nicol Williamson
2941,Jean Marsh
2942,Mary Costa
2943,Bill Shirley
2944,Mary Grace Canfield
2945,Richard Davalos
2946,Jake Dengel
2947,Ruth Warrick
2948,Eugene Levy
2949,Sheldon Peters Wolfchild
2950,Jim Metzler
2951,Bruce Boxleitner
2952,Josh Hartnett
2953,Adam Arkin
2954,Victoria Tennant
2955,Bernadette Peters
2956,Catlin Adams
2957,Rachel Ward
2958,Alan Ladd
2959,David Andrews
2960,Kelly Wolf
2961,C. Thomas Howell
2962,Ralph Macchio
2963,Ke Huy Quan
2964,Christopher Guard
2965,William Squire
2966,Michael Scholes
2967,Eurythmics
2968,Annie Lennox
2969,David A. Stewart
2970,Brooke Adams
2971,Pat Hingle
2972,Laura Harrington
2973,Dee Wallace
2974,Daniel Hugh Kelly
2975,Danny Pintauro
2976,Peter Horton
2977,R.G. Armstrong
2978,Loni Anderson
2979,Dougray Scott
2980,Giovanni Ribisi
2981,Steve Zahn
2982,Kate Reid
2983,Liv Ullmann
2984,Lena Nyman
2985,George Segal
2986,Maia Brewton
2987,Anthony Michael Hall
2988,Ilan Mitchell-Smith
2989,Kelly LeBrock
2990,Samantha Eggar
2991,Anthony Newley
2992,Jerry Lewis
2993,Stella Stevens
2994,Del Moore
2995,Henry Gibson
2996,Paul Lynde
2997,Richard Briers
2998,Ralph Richardson
2999,Elizabeth Hartman
3000,Jim Henson
3001,Kathryn Mullen
3002,Frank Oz
3003,Erica Yohn
3004,Justin Henry
3005,Jon Cryer
3006,Rob Lowe
3007,Pamela Reed
3008,Angela O'Neill
3009,Wendy Martel
3010,Pamela Ross
3011,Arye Gross
3012,Jonathan Stark
3013,Royal Dano
3014,Marius Weyers
3015,Sandra Prinsloo
3016,N!xau
3017,Lena Farugia
3018,Hans Strydom
3019,Honor Blackman
3020,Cyd Child
3021,Ian Hendry
3022,Taye Diggs
3023,Inés Sastre
3024,Dario Cantarelli
3025,Penelope Milford
3026,Neil Giuntoli
3027,Mike Houlihan
3028,John Cassavetes
3029,Noah Hathaway
3030,Barret Oliver
3031,Tami Stronach
3032,Jonathan Brandis
3033,Kenny Morrison
3034,Clarissa Burt
3035,Gail Neely
3036,Robert Harden
3037,Barry Brenner
3038,Chayanne
3039,Tom Everett Scott
3040,Mark-Paul Gosselaar
3041,Poppy Montgomery
3042,Richard Crenna
3043,Alan Gelfant
3044,Philip Seymour Hoffman
3045,Lynn Redgrave
3046,John Dall
3047,Farley Granger
3048,Barbara Harris
3049,Jon Finch
3050,Barry Foster
3051,Barbara Leigh-Hunt
3052,Frederick Stafford
3053,Dany Robin
3054,John Vernon
3055,Lila Kedrova
3056,Martin Gabel
3057,Anthony Quayle
3058,Doris Day
3059,Brenda de Banzie
3060,John Forsythe
3061,Edmund Gwenn
3062,Robert Walker
3063,Ruth Roman
3064,Richard Todd
3065,Charis Michelsen
3066,Tom Larson
3067,Richard Spore
3068,Julian Wadham
3069,Sasha Hails
3070,Marina de Van
3071,Samantha
3072,Warwick Davis
3073,Norm MacDonald
3074,Jack Warden
3075,Artie Lange
3076,Dominique Belcourt
3077,Arthur Baker
3078,Afrika Bambaataa
3079,Carl Cox
3080,Daniel Baldwin
3081,Michael Wilding
3082,Ann Todd
3083,Tallulah Bankhead
3084,John Hodiak
3085,Macdonald Carey
3086,Otto Kruger
3087,Robert Montgomery
3088,Gene Raymond
3089,Cedric Hardwicke
3090,Robert Newton
3091,Margaret Lockwood
3092,Michael Redgrave
3093,Nova Pilbeam
3094,Derrick De Marney
3095,Percy Marmont
3096,Sylvia Sidney
3097,Oscar Homolka
3098,Desmond Tester
3099,Leslie Banks
3100,Edna Best
3101,Jill Esmond
3102,C.V. France
3103,Will Fyffe
3104,Cicely Courtneidge
3105,Jack Hulbert
3106,Norah Baring
3107,Phyllis Konstam
3108,Anny Ondra
3109,Carl Brisson
3110,Malcolm Keen
3111,John Longden
3112,Sara Allgood
3113,Betty Balfour
3114,Jean Bradin
3115,Ferdinand von Alten
3116,Jameson Thomas
3117,Lillian Hall-Davis
3118,Gordon Harker
3119,Ivor Novello
3120,Ben Webster
3121,Norman McKinnel
3122,Isabel Jeans
3123,Franklin Dyall
3124,Eric Bransby Williams
3125,Ian Hunter
3126,Bernhard Goetzke
3127,Nita Naldi
3128,Virginia Valli
3129,Carmelita Geraghty
3130,Miles Mander
3131,Seymour Hicks
3132,Stanley Logan
3133,Gertrude McCoy
3134,Nicole de Boer
3135,David Hewlett
3136,Troy Byer
3137,Paget Brewster
3138,Randi Ingerman
3139,Daniela Romo
3140,Ian Michael Smith
3141,Billy Crudup
3142,Chris Makepeace
3143,Adam Baldwin
3144,Jacqueline Bisset
3145,Susanna Hoffs
3146,Dedee Pfeiffer
3147,Kent Broadhurst
3148,Paul Lazar
3149,Arliss Howard
3150,Mikhail Baryshnikov
3151,Paul Carafotes
3152,Victor French
3153,Lelia Goldoni
3154,Gary Friedkin
3155,Robert Glaudini
3156,Luca Bercovici
3157,George Wendt
3158,Joseph Bologna
3159,Valerie Harper
3160,Linda Warren
3161,Jürgen Prochnow
3162,Maria Bello
3163,Jay Paulson
3164,Ken Leung
3165,Jeffrey Falcon
3166,Justin McGuire
3167,Kim De Angelo
3168,Leelee Sobieski
3169,Alicia Witt
3170,Rebecca Gayheart
3171,Gregory Sporleder
3172,Jason Barry
3173,Seema Biswas
3174,Nirmal Pandey
3175,Rajesh Vivek
3176,David Wood
3177,Richard Warwick
3178,James Whitmore
3179,Joan Weldon
3180,Wilford Brimley
3181,Fred Ward
3182,John Franklin Sawyer
3183,Scott Terra
3184,Walker Jones
3185,Chris Kattan
3186,Will Ferrell
3187,Raquel Gardner
3188,Kevin Gage
3189,Dee Snider
3190,Ronee Blakley
3191,Daniel Craig
3192,Saul Williams
3193,Sonja Sohn
3194,Bonz Malone
3195,Alex Rocco
3196,Hari Rhodes
3197,Vonetta McGee
3198,Simon Schwarz
3199,Sophie Rois
3200,Lars Rudolph
3201,Kieran Culkin
3202,Elden Henson
3203,Marlee Matlin
3204,Oprah Winfrey
3205,Yada Beener
3206,Jane Adams
3207,Joshua Jackson
3208,Jason Isaacs
3209,Timothy 'Speed' Levitch
3210,Nicoletta Braschi
3211,Giorgio Cantarini
3212,Robyn Lynne Raab
3213,Debbie Harry
3214,Matthew Lawrence
3215,Nas
3216,DMX
3217,Taral Hicks
3218,Henry Winkler
3219,Cate Blanchett
3220,Liz Giles
3221,Rod Culbertson
3222,Jonathan Rhys Meyers
3223,Freddie Prinze Jr.
3224,Brandy Norwood
3225,Jessica Biel
3226,Adam LaVorgna
3227,Claire Forlani
3228,Gerard McSorley
3229,Hugh Dillon
3230,John Pyper-Ferguson
3231,Eric Roberts
3232,Paula Prentiss
3233,Peter Masterson
3234,Chloe Webb
3235,David Hayman
3236,Cathy Tyson
3237,Giulietta Masina
3238,François Périer
3239,Franca Marzi
3240,Elizabeth Daily
3241,Kath Soucie
3242,Fernanda Montenegro
3243,Vinícius de Oliveira
3244,Marília Pêra
3245,Pascal Rollin
3246,Ian Bannen
3247,David Kelly
3248,Ulrich Thomsen
3249,Henning Moritzen
3250,Thomas Bo Larsen
3251,Divine
3252,David Lochary
3253,Mary Vivian Pearce
3254,Edward D. Wood Jr.
3255,Lyle Talbot
3256,Akihiko Hirata
3257,Akira Takarada
3258,Keiju Kobayashi
3259,Ken Tanaka
3260,Yasuko Sawaguchi
3261,Tadao Takashima
3262,Yû Fujiki
3263,Kenji Sahara
3264,Fay Wray
3265,Robert Armstrong
3266,Bruce Cabot
3267,Charles Grodin
3268,Peter Elliott
3269,Meg Foster
3270,Yara Vaneau
3271,Dana Wheeler-Nicholson
3272,Hal Holbrook
3273,Brigitte Nielsen
3274,Sandahl Bergman
3275,Gedde Watanabe
3276,Alexander Godunov
3277,Roger Moore
3278,Tanya Roberts
3279,Peter Firth
3280,G.W. Bailey
3281,Bubba Smith
3282,David Graf
3283,Michael Winslow
3284,Alessandro Gassmann
3285,Francesca d'Aloja
3286,Jane Horrocks
3287,Jason Schwartzman
3288,Olivia Williams
3289,Joseph Fiennes
3290,Zeljko Ivanek
3291,John Payne
3292,Michael Moriarty
3293,Carrie Snodgress
3294,Charles Napier
3295,Marc de Jonge
3296,Hume Cronyn
3297,Nicholas Rowe
3298,Alan Cox
3299,Sophie Ward
3300,Jackie Gleason
3301,Pat E. Johnson
3302,Graham Goble
3303,Stephen Housden
3304,Chip Miller
3305,Sean McGinley
3306,Jim Caviezel
3307,Jordana Brewster
3308,Clea DuVall
3309,Laura Harris
3310,Terry Moore
3311,Ben Johnson
3312,Daniel London
3313,Mary Alice
3314,Stephen Fry
3315,Brigid Tierney
3316,Holmes Osborne
3317,Gillian Anderson
3318,Katie Sagona
3319,James Van Der Beek
3320,Phil Fondacaro
3321,Christa Denton
3322,Louis Tripp
3323,Jay Underwood
3324,David Hedison
3325,Patricia Owens
3326,John Getz
3327,Daphne Zuniga
3328,Lee Richardson
3329,Steven Bauer
3330,Caroline Williams
3331,Jim Siedow
3332,Kate Hodge
3333,Ken Foree
3334,R.A. Mihailoff
3335,Marc Price
3336,Tony Fields
3337,Lisa Orgolini
3338,Matthew Labyorteaux
3339,Michael Sharrett
3340,Gail Youngs
3341,Michael Schoeffling
3342,Helmut Qualtinger
3343,Stephen Collins
3344,John Wood
3345,Barry Miller
3346,John Meillon
3347,Rae Dawn Chong
3348,Vanity
3349,Chuck Norris
3350,Melody Anderson
3351,Jean-Luke Figueroa
3352,Stanislas Merhar
3353,Peter Mullan
3354,Louise Goodall
3355,Gary Lewis
3356,Jimmy Nail
3357,Álex Angulo
3358,Armando De Razza
3359,Santiago Segura
3360,Mike Maas
3361,Nick Fenske
3362,Mark Priolo
3363,Karlheinz Böhm
3364,Anna Massey
3365,Moira Shearer
3366,Felipe García Vélez
3367,Daphna Kastner
3368,Toni Cantó
3369,Gregg Henry
3370,Myles Berkowitz
3371,Elisabeth Wagner
3372,Richard Arlook
3373,Ben Becker
3374,Heino Ferch
3375,Ulrich Noethen
3376,Bill Basch
3377,Martin Basch
3378,Randolph Braham
3379,Julia Sweeney
3380,Julie Benz
3381,Jake Gyllenhaal
3382,Ron Livingston
3383,David Herman
3384,Massoumeh Naderi
3385,Zahra Naderi
3386,Ghorban Ali Naderi
3387,Casey Affleck
3388,Anthony Anderson
3389,Isaiah Barnes
3390,Max Becker
3391,Joshua Schaefer
3392,Keri Russell
3393,RD Robb
3394,Emma Darwall-Smith
3395,Paul Mark Elliott
3396,Gordon Kennedy
3397,Nina van Pallandt
3398,Dale Midkiff
3399,Fred Gwynne
3400,Anthony Edwards
3401,Keith Gordon
3402,Dean Martin
3403,Lee Grant
3404,Timothy Bottoms
3405,Richard Widmark
3406,Robin Riker
3407,Michael V. Gazzo
3408,Yul Brynner
3409,Richard Benjamin
3410,Richard Jordan
3411,James Franciscus
3412,Maurice Evans
3413,Claude Akins
3414,Natalie Trundy
3415,Don Murray
3416,Ricardo Montalban
3417,Bradford Dillman
3418,Ava Gardner
3419,Susan Blakely
3420,Robert Wagner
3421,Telly Savalas
3422,Andrew Asnes
3423,Rachel Berman Benz
3424,Patrick Corbin
3425,Ric Young
3426,Norman Reedus
3427,Vincent Martinez
3428,Mitchell Anderson
3429,Terrence 'T.C.' Carson
3430,Arthur J. Nascarella
3431,Stephen Earnhart
3432,Evan Handler
3433,Emily Bergl
3434,Dylan Bruno
3435,Claire Bloom
3436,Richard Johnson
3437,Heidi von Palleske
3438,Andrew Lowery
3439,Traci Lind
3440,Danny Zorn
3441,Barbara Shelley
3442,Martin Stephens
3443,Dash Mihok
3444,Philippe Nahon
3445,Blandine Lenoir
3446,Frankie Pain
3447,Martin Vidnovic
3448,Christiane Noll
3449,LisaGay Hamilton
3450,Jasmin Tabatabai
3451,Nicolette Krebitz
3452,Jamey Sheridan
3453,Rita Moreno
3454,Thomas Lyons
3455,Fred Newman
3456,Chris Phillips
3457,Geoffrey Blake
3458,James Thornton
3459,Bobby Boriello
3460,Chris Connelly
3461,Carrie-Anne Moss
3462,Heath Ledger
3463,Julia Stiles
3464,Miguel Ángel Solá
3465,Cecilia Narova
3466,Mía Maestro
3467,Natacha Régnier
3468,Yvan Attal
3469,Lee Ross
3470,Terumi Matthews
3471,Nicole Zaray
3472,Belinda Becker
3473,Jeremy Theobald
3474,Alex Haw
3475,Lucy Russell
3476,Scott Wolf
3477,Michael Vartan
3478,Teddy Robin Kwan
3479,Amie Petersen
3480,Obba Babatundé
3481,George Newbern
3482,Bella Riza
3483,Saïd Taghmaoui
3484,Mathieu Demy
3485,Jacques Bonnaffé
3486,Shawn Hatosy
3487,Michel Blanc
3488,Eduardo Noriega
3489,Penélope Cruz
3490,Chete Lera
3491,Sarah Cracknell
3492,Bob Stanley
3493,Pete Wiggs
3494,Michael A. Goorjian
3495,Ever Carradine
3496,Loren Nelson
3497,David Wenham
3498,Anne-Marie Cadieux
3499,Alexis Martin
3500,Marie Gignac
3501,Paul Bowles
3502,William S. Burroughs
3503,Cherifa
3504,Seth Green
3505,Ben Silverstone
3506,Brad Gorton
3507,Charlotte Brittain
3508,Daniel Edwards
3509,Ngoc Hiep Nguyen
3510,Ngoc Minh
3511,Phat Trieu Hoang
3512,Jack Carson
3513,Zachary Scott
3514,Kelli Maroney
3515,Robert Beltran
3516,Tony O'Dell
3517,Russell Todd
3518,Danielle von Zerneck
3519,Fisher Stevens
3520,Michael Caton
3521,Anne Tenney
3522,Stephen Curry
3523,Xiaolu Li
3524,Lopsang
3525,Zheng Qian
3526,Deon Richmond
3527,Donald Faison
3528,Guy Torry
3529,Arata Iura
3530,Erika Oda
3531,Susumu Terajima
3532,Jet Li
3533,Ching-Wan Lau
3534,Karen Mok
3535,Chris Stafford
3536,Tina Holmes
3537,Andersen Gabrych
3538,Haile Gebrselassie
3539,Shawananness Gebrselassie
3540,Yonas Zergaw
3541,Claudio Santamaria
3542,José Rafael Arango
3543,Nicole Arlyn
3544,David Cale
3545,Zbigniew Cybulski
3546,Iga Cembrzynska
3547,Elzbieta Czyzewska
3548,Zita Johann
3549,David Manners
3550,Peter Cushing
3551,Yvonne Furneaux
3552,Lon Chaney Jr.
3553,Peter Coe
3554,Virginia Christine
3555,John Carradine
3556,Robert Lowery
3557,Dick Foran
3558,Peggy Moran
3559,John Hubbard
3560,Diana Scarwid
3561,Steve Forrest
3562,Richard Pryor
3563,Helen Chandler
3564,Michael Gough
3565,Onslow Stevens
3566,J. Carrol Naish
3567,Mae Clarke
3568,John Boles
3569,Ilona Massey
3570,Patric Knowles
3571,Hazel Court
3572,Robert Urquhart
3573,Robert Paige
3574,Louise Allbritton
3575,Warren William
3576,Annie McEnroe
3577,Reb Brown
3578,John Agar
3579,Mara Corday
3580,Leo G. Carroll
3581,Barry Bostwick
3582,Mikel Conrad
3583,Pat Garrison
3584,Hantz von Teuffen
3585,Kenneth Tobey
3586,Margaret Sheridan
3587,James Arness
3588,Barbara Rush
3589,Charles Drake
3590,Gene Barry
3591,Ann Robinson
3592,Les Tremayne
3593,Faith Domergue
3594,Donald Curtis
3595,Kevin McCarthy
3596,Dana Wynter
3597,Larry Gates
3598,Peter Graves
3599,Beverly Garland
3600,Cynthia Patrick
3601,Hugh Beaumont
3602,Ray Wise
3603,Harry Guardino
3604,Rip Torn
3605,Richard McCabe
3606,Isabelle Renauld
3607,Fabrizio Bentivoglio
3608,Douglas Henshall
3609,Compay Segundo
3610,Ibrahim Ferrer
3611,Rubén González
3612,Chad Lowe
3613,Will Lyman
3614,Rafer Weigel
3615,Eric McCormack
3616,Vanessa Martinez
3617,Jean-Yves Tual
3618,Anita Ekberg
3619,Dyna Gauzy
3620,Jean-Luc Bideau
3621,Christoph Koncz
3622,Brian Blessed
3623,Peter Vaughan
3624,Mélanie Thierry
3625,Franka Potente
3626,Moritz Bleibtreu
3627,Herbert Knaup
3628,Frank D'Amico
3629,Barbara Adams
3630,Jon Stewart
3631,Minna Turunen
3632,Hannu-Pekka Björkman
3633,Pasi Löppönen
3634,Ismo Laurila
3635,Roxana Zal
3636,Denis Lavant
3637,Klaus-Michael Grüber
3638,Mathieu Amalric
3639,François Cluzet
3640,Jason Biggs
3641,Chris Klein
3642,Bill Barretta
3643,Heather Donahue
3644,Joshua Leonard
3645,Michael C. Williams
3646,Colin Firth
3647,Madison Eginton
3648,Elayn J. Taylor
3649,Richard T. Jones
3650,Joely Fisher
3651,Christian Campbell
3652,John Paul Pitoc
3653,Brad Beyer
3654,Michael Polish
3655,Mark Polish
3656,Michele Hicks
3657,Coleen Gray
3658,Vince Edwards
3659,Frank Silvera
3660,Irene Kane
3661,Jamie Smith
3662,Sue Lyon
3663,Marisa Berenson
3664,Jean-Pierre Léaud
3665,Albert Rémy
3666,Claire Maurier
3667,Cyndi Lauper
3668,Ramon Bieri
3669,J.L. Reate
3670,Stacey Glick
3671,Charles Bronson
3672,Jill Ireland
3673,Stephen Elliott
3674,Victor Love
3675,Plácido Domingo
3676,Katia Ricciarelli
3677,Justino Díaz
3678,Ray McAnally
3679,Vincent Gardenia
3680,Jonathan Haze
3681,Jackie Joseph
3682,Mel Welles
3683,Mike Starr
3684,Joan Jett
3685,Bon Jovi
3686,Richie Sambora
3687,Bonnie Bartlett
3688,André Maranne
3689,Michelle Williams
3690,Dan Hedaya
3691,Jodhi May
3692,Eli Marienthal
3693,Paul Burke
3694,Stephen McCole
3695,Maurice Roëves
3696,Garry Sweeney
3697,Adrian Grenier
3698,Clark Gregg
3699,Leo Bassi
3700,Henri Béhar
3701,Maurizio Benazzo
3702,Giuseppe Andrews
3703,James DeBello
3704,Alexis Loret
3705,Karyn Dwyer
3706,Christina Cox
3707,Alex Dimitriades
3708,Elle Mandalis
3709,Damien Fotiou
3710,Rudolph Valentino
3711,Casson Ferguson
3712,Judith Evelyn
3713,Darryl Hickman
3714,Barbara Steele
3715,John Kerr
3716,Jane Asher
3717,Maggie Pierce
3718,Leona Gage
3719,Gilda Radner
3720,Alan King
3721,Jonathan Scott-Taylor
3722,Rossano Brazzi
3723,Don Gordon
3724,Robert Hays
3725,Vince Vieluf
3726,Dana Hill
3727,Imogene Coca
3728,Madolyn Smith Osborne
3729,Kevin O'Morrison
3730,Robert Loggia
3731,Michael Oliver
3732,John Ritter
3733,Peter Billingsley
3734,Melinda Dillon
3735,Marisa Coughlan
3736,Heidi Schanz
3737,French Stewart
3738,Junko Iwao
3739,Rica Matsumoto
3740,Shinpachi Tsuji
3741,Robert Costanzo
3742,Lloyd Adams
3743,Philip Akin
3744,Anna Carolina Arias
3745,Agnes Moorehead
3746,Gavin Gordon
3747,Jason Gedrick
3748,David Suchet
3749,Mark Humphrey
3750,Stuart Margolin
3751,Rachel McLish
3752,Cliff Robertson
3753,Innokentiy Smoktunovskiy
3754,Mikhail Nazvanov
3755,Elza Radzina
3756,Thomas Meighan
3757,Theodore Roberts
3758,Raymond Hatton
3759,José Wilker
3760,Carl de Vogt
3761,Lil Dagover
3762,Ressel Orla
3763,Sam Doumit
3764,Martin Goldman
3765,Harry Keitt
3766,Aranka Coppens
3767,Sara de Roo
3768,Dirk Roofthooft
3769,Diane Venora
3770,Dennis Storhøi
3771,Mira Banjac
3772,Ivan Bekjarev
3773,Aleksandar Bercek
3774,Jeremy James Kissner
3775,Jesse James
3776,Carole Bouquet
3777,Patrice Chéreau
3778,Amy Smart
3779,Rami Doueiri
3780,Naamar Sahli
3781,Mohamad Chamas
3782,Zachary David Cope
3783,Alessandro Nivola
3784,Bajram Severdzan
3785,Srdjan 'Zika' Todorovic
3786,Branka Katic
3787,Sheryl Crow
3788,Kyôko Koizumi
3789,Dudley Moore
3790,Chatran
3791,Rita Hayworth
3792,Ron Marquette
3793,Bert Williams
3794,Leigh Hunt
3795,Howard E. Rollins Jr.
3796,Adolph Caesar
3797,Art Evans
3798,Christian Drillaud
3799,Claude Bouchery
3800,Isabelle Caillard
3801,Bill McGhee
3802,Jessie Lee Fulton
3803,Robert Dracup
3804,Cristina Raines
3805,Joe Lambie
3806,Anthony James
3807,Leif Erickson
3808,Paul McCartney
3809,George Harrison
3810,Ringo Starr
3811,David Byrne
3812,Bernie Worrell
3813,Alex Weir
3814,John Lennon
3815,Kathleen Robertson
3816,Jade Gordon
3817,John Taylor
3818,Michael Des Barres
3819,Don Stroud
3820,William Ragsdale
3821,Amanda Bearse
3822,Jérôme Deschamps
3823,Nigel Terry
3824,Nicholas Clay
3825,Richard Edson
3826,John Raitt
3827,Carol Haney
3828,Lanny Flaherty
3829,Gary Imhoff
3830,Gino Conforti
3831,Roger Daltrey
3832,Vincent Van Patten
3833,Hannah Taylor Gordon
3834,Éva Igó
3835,Loren Dean
3836,Jean Smart
3837,Kevin Clash
3838,Dane Cook
3839,John Pinette
3840,Melissa Joan Hart
3841,Caroline Ducey
3842,Sagamore Stévenin
3843,Johnny Whitaker
3844,Janice Rule
3845,Jessica Dragonette
3846,Lanny Ross
3847,Pinto Colvig
3848,Jason Beghe
3849,John Pankow
3850,Kate McNeil
3851,A. Michael Baldwin
3852,Bill Thornbury
3853,Reggie Bannister
3854,Fred Howard
3855,Molly Shannon
3856,Elaine Hendrix
3857,Peter Sarsgaard
3858,Thomas Walter Blake Jr.
3859,Muffet Criner Adickes Blake
3860,Sandra Tessman Blake
3861,Fernando Fernán Gómez
3862,Rafael Alonso
3863,Cayetana Guillén Cuervo
3864,Lesley Ann Warren
3865,Jill Hennessy
3866,Alan Ruck
3867,Arletty
3868,Jean-Louis Barrault
3869,Pierre Brasseur
3870,Jack Long
3871,Yi-Min Li
3872,Jeanie Chang
3873,Gastone Moschin
3874,Sonny Bono
3875,Ruth Brown
3876,Theresa Russell
3877,Denholm Elliott
3878,Everett Alvarez Jr.
3879,Ron Bliss
3880,Fred Cherry
3881,Léna Skerla
3882,Yvonne Clech
3883,Charles Coburn
3884,Lorenzo Quinteros
3885,Hugo Soto
3886,Inés Vernengo
3887,Jean Peters
3888,Glenn Ford
3889,George Macready
3890,Mitzi Gaynor
3891,Michael Nouri
3892,Lilia Skala
3893,Linh-Dan Pham
3894,Lee Marvin
3895,Mark Keyloun
3896,Darrell Larson
3897,Gert Fröbe
3898,Lotte Lenya
3899,Ursula Andress
3900,Brooke Shields
3901,Christopher Atkins
3902,Leo McKern
3903,Marianne Koch
3904,Gian Maria Volontè
3905,Leon Isaac Kennedy
3906,Wilbur 'Hi-Fi' White
3907,Thomas M. Pollard
3908,Glynn Turman
3909,Ernie Hudson
3910,Mary Pickford
3911,Roy Stewart
3912,Mary Louise Miller
3913,Valerie Red-Horse
3914,Yvonne Russo
3915,Colleen Rennison
3916,Ruth Gemmell
3917,Luke Aikman
3918,Noah Fleiss
3919,Karen Young
3920,Camryn Manheim
3921,Brian Fisk
3922,Catherine Oxenberg
3923,Richard Farnsworth
3924,Jane Galloway Heitz
3925,Nancy Kelly
3926,Patty McCormack
3927,Gage Clarke
3928,Anouk Aimée
3929,Pierre Barouh
3930,Klaus Kinski
3931,Claudia Cardinale
3932,José Lewgoy
3933,Ann Reinking
3934,Bill Bernstein
3935,Morris Chestnut
3936,Lucas Black
3937,Joe Basile
3938,Scott Burkholder
3939,Liz Coke
3940,Laverne Andrews
3941,Maxene Andrews
3942,Patty Andrews
3943,Jenny Seagrove
3944,Dwier Brown
3945,Carey Lowell
3946,Nigel Green
3947,Guy Doleman
3948,Dave Aldana
3949,Mark Brelsford
3950,Dan O'Herlihy
3951,Belinda Bauer
3952,Paul Le Mat
3953,Jason Robards
3954,Elizabeth Cheshire
3955,Topol
3956,Robert Davi
3957,Yaphet Kotto
3958,David Dukes
3959,Kelly Piper
3960,Claudine Auger
3961,Adolfo Celi
3962,Shirley Jones
3963,Onna White
3964,Susan Luckey
3965,Buddy Hackett
3966,Henry Dinhofer
3967,Ned Bellamy
3968,Gibson Frazier
3969,Cara Buono
3970,Ian Edwards
3971,Donal Lardner Ward
3972,Tony Guma
3973,Werner Herzog
3974,Lionel Abelanski
3975,Rufus
3976,Clément Harari
3977,Mark Borchardt
3978,Mike Schank
3979,Tom Schimmels
3980,Émilie Dequenne
3981,Fabrizio Rongione
3982,Anne Yernaux
3983,Michael Sarrazin
3984,Buster Keaton
3985,Snitz Edwards
3986,Sally O'Neil
3987,Bruce Abbott
3988,Claude Earl Jones
3989,Cicely Tyson
3990,Angel Ramirez Jr.
3991,Lois Chiles
3992,Domenick John
3993,James Le Gros
3994,Shawn Carson
3995,Jeanne Austin
3996,Sunshine Hart
3997,Heather Menzies-Urich
3998,Joe B. Barton
3999,Don Barrett
4000,Sherry Leigh
4001,Cyril Cusack
4002,Billy Dee Williams
4003,Eijirô Tôno
4004,Anthony Zerbe
4005,Rosalind Cash
4006,Brian Bedford
4007,Roger Miller
4008,Nicholas Kadi
4009,Chief Dan George
4010,Andy Griffith
4011,Anthony Franciosa
4012,Harvey Atkin
4013,Kate Lynch
4014,Richard Mulligan
4015,Hamilton Camp
4016,John Mengatti
4017,Jack Nance
4018,Sarah Douglas
4019,Hugh Laurie
4020,Laurel Holloman
4021,Nicole Ari Parker
4022,Maggie Moore
4023,Elizabeth Edmonds
4024,Sue Wallace
4025,Geraldine Griffiths
4026,Eve Arden
4027,Roy Kinnear
4028,Usher
4029,Rosario Dawson
4030,Hart Bochner
4031,Rab Affleck
4032,Ikue Ôtani
4033,Mayumi Izuka
4034,Arsinée Khanjian
4035,Elaine Cassidy
4036,James Naughton
4037,Maris Wrixon
4038,Gene O'Donnell
4039,Robert Arkins
4040,Michael Aherne
4041,Marjorie Reynolds
4042,Sara Gilbert
4043,Sô Yamamura
4044,Julieta Serrano
4045,Joanne Woodward
4046,Nell Potts
4047,Roberta Wallach
4048,Will Geer
4049,Delle Bolton
4050,John Fraser
4051,Lou Jacobi
4052,Bruce Balden
4053,Jacqueline Bassett
4054,Symon Basterfield
4055,Bebe Neuwirth
4056,Nikola Ristanovski
4057,Vlado Jovanovski
4058,Cecilia Roth
4059,Candela Peña
4060,Marina Pierro
4061,Françoise Blanchard
4062,Mike Marshall
4063,Stan Laurel
4064,Oliver Hardy
4065,Virginia Karns
4066,William H. Lynn
4067,Tsutomu Yamazaki
4068,Ken'ichi Hagiwara
4069,Yûzô Kayama
4070,Chûsha Ichikawa
4071,James Wilby
4072,Jane Darwell
4073,June Allyson
4074,Margaret Sullavan
4075,Julie Kavner
4076,Adam Bryant
4077,Shane Bailey
4078,Ed Berke
4079,Maria Doyle Kennedy
4080,Jewel
4081,Janet McTeer
4082,Kimberly J. Brown
4083,Luigi Pistilli
4084,Claudio Camaso
4085,Sheryl Lee Ralph
4086,Edmond O'Brien
4087,Frank Lovejoy
4088,William Talman
4089,Marion O'Dwyer
4090,Niall O'Shea
4091,Julie Hamilton
4092,Dara Perlmutter
4093,Samantha Morton
4094,Mara Hobel
4095,Michael Lucas
4096,Hugh Panaro
4097,Milla Davenport
4098,Percy Haswell
4099,Howard Truesdale
4100,Kathleen Myers
4101,Jean Gabin
4102,Dita Parlo
4103,Pierre Fresnay
4104,Lew Bracker
4105,Mark Harmon
4106,Blair Brown
4107,Buster Crabbe
4108,Julie Bishop
4109,Edward Woods
4110,Bono
4111,The Edge
4112,Adam Clayton
4113,Arthur Godfrey
4114,Michael Clarke Duncan
4115,Annabelle Apsion
4116,Kate Ashfield
4117,Una Merkel
4118,William Bakewell
4119,Kerwin Mathews
4120,Kathryn Grant
4121,Richard Eyer
4122,Porter Hall
4123,James Levine
4124,Itzhak Perlman
4125,Toby Stephens
4126,Allan Corduner
4127,Dexter Fletcher
4128,Tony Peck
4129,Candice Bergen
4130,Art Garfunkel
4131,Chief Thundercloud
4132,Lynne Roberts
4133,Stanley Andrews
4134,Silvana Mangano
4135,Gerry Becker
4136,Vicellous Shannon
4137,Joe Breen
4138,Osheen Jones
4139,Fred A. Leuchter Jr.
4140,Robert Jan Van Pelt
4141,David Irving
4142,Sofia Polanska
4143,Pavol Simon
4144,Ivan Lukac
4145,Lynn Boyd
4146,Jon Daugherty
4147,Ryan Daugherty
4148,Reeve Brenner
4149,Hank Greenberg
4150,Jonny Phillips
4151,Oscar Petersen
4152,Ayesha Dharker
4153,K. Krishna
4154,Sonu Sisupal
4155,Filberto Ascencio
4156,Butch Dean
4157,Dusty Dean
4158,Lloyd Hughes
4159,Gloria Hope
4160,Don Taylor
4161,Otto Preminger
4162,Victor Jory
4163,Otis Young
4164,Billy Green Bush
4165,John Richardson
4166,Andrea Checchi
4167,Susan Hayward
4168,Ron Randell
4169,Bruce Myles
4170,Kevin Conroy
4171,David Marshall Grant
4172,Oskar Werner
4173,Janet Gaynor
4174,Edith Meeks
4175,Larry Maxwell
4176,Susan Norman
4177,Linda Lawson
4178,Gavin Muir
4179,Janet Suzman
4180,Julia Migenes
4181,Ruggero Raimondi
4182,Brian Deacon
4183,Eric Deacon
4184,Andréa Ferréol
4185,Eiji Okada
4186,Kyôko Kishida
4187,Kôji Mitsui
4188,Selma Blair
4189,Eric Mabius
4190,Devin Matthews
4191,Maria Schell
4192,Edward Jobson
4193,Beulah Booker
4194,Edward Connelly
4195,Ruth Dwyer
4196,T. Roy Barnes
4197,Rita Tushingham
4198,Bruno Kirby
4199,John Rubinstein
4200,Patricia Quinn
4201,Caisa Persson
4202,Patrick Bergin
4203,Craig Ferguson
4204,Chris Langham
4205,David Rasche
4206,Orgyen Tobgyal
4207,Neten Chokling
4208,Jamyang Lodro
4209,Quinn Cummings
4210,Sergio Corrieri
4211,Salvador Wood
4212,José Gallardo
4213,Barnard Hughes
4214,Vincent Spano
4215,Gary Kemp
4216,Thomas Gibson
4217,Mädchen Amick
4218,Teresa Sun-Kwan Mo
4219,Benoît Poelvoorde
4220,Jacqueline Poelvoorde-Pappaert
4221,Nelly Pappaert
4222,Estelle Getty
4223,Roy Dotrice
4224,Brian McElroy
4225,Frank Acciarito
4226,Josep Maria Pou
4227,Rosa Maria Sardà
4228,Mario Gas
4229,Susan Stryker
4230,Texas Tomboy
4231,Annie Sprinkle
4232,Stephanie Swift
4233,Brad Armstrong
4234,Herschel Savage
4235,Sydnee Steele
4236,Anjanette Comer
4237,Marianna Hill
4238,Daphne
4239,Reanna
4240,Gina
4241,Steven Mackintosh
4242,Miriam Margolyes
4243,Seymour Cassel
4244,Val Avery
4245,Jack Gilford
4246,Daniel York Loh
4247,Mark Webber
4248,Nikita Hopkins
4249,Ken Sansom
4250,Madhur Jaffrey
4251,Minzhi Wei
4252,Huike Zhang
4253,Zhenda Tian
4254,David Rosen
4255,Alexa Jago
4256,Jonathan Aube
4257,Gary Dourdan
4258,Kenya Moore
4259,Cornel Wilde
4260,Jean Wallace
4261,Francesca Faridany
4262,Timothy Leary
4263,Neville Brand
4264,Mel Ferrer
4265,Carolyn Jones
4266,Bruce Jones
4267,Julie Brown
4268,Gemma Phoenix
4269,Judy Geeson
4270,Christian Roberts
4271,Vin Diesel
4272,Thomas Goodridge
4273,Faruk Pruti
4274,Tony Peters
4275,Jean Parker
4276,Nils Asther
4277,Merna Kennedy
4278,Al Ernest Garcia
4279,Virginia Cherrill
4280,Florence Lee
4281,Hector Elizondo
4282,Molly McCarthy
4283,Edna Purviance
4284,Jackie Coogan
4285,Arthur Kennedy
4286,Donald Crisp
4287,Fred McCarren
4288,Eve Miller
4289,Patrice Wymore
4290,Vera-Ellen
4291,Cesar Romero
4292,Barbara Barrie
4293,Bob Dishy
4294,Edie Falco
4295,Iben Hjejle
4296,Anders W. Berthelsen
4297,Jesper Asholt
4298,N'Bushe Wright
4299,Faizon Love
4300,Benjamin Bratt
4301,Garry Shandling
4302,John Tormey
4303,Noah Taylor
4304,Loene Carmen
4305,Matt Lattanzi
4306,Caren Kaye
4307,Rex Allen
4308,Ingvald Lieberkind
4309,Robert Dalban
4310,Beryl Reid
4311,Coral Browne
4312,Herbert Rawlinson
4313,Jim Lovell
4314,Ken Mattingly
4315,Russell Schweickart
4316,Judy Holliday
4317,John Harkins
4318,William Kerwin
4319,Mal Arnold
4320,Connie Mason
4321,Gordon Oas-Heim
4322,Candi Conder
4323,Elyn Warner
4324,Zachary Ittimangnaq
4325,John Lund
4326,Billy De Wolfe
4327,Claudia McNeil
4328,Ruby Dee
4329,Jeffrey Allen
4330,Big Daddy Wayne
4331,Jack Wallace
4332,Patrick Achdjian
4333,Anna Condo
4334,Sandrine Bonnaire
4335,Dennis Christopher
4336,Penelope Allen
4337,Ron Howard
4338,Louis Calhern
4339,Jeffrey Hunter
4340,Carroll Baker
4341,Claude Cerval
4342,David Carradine
4343,Ronny Cox
4344,Robert Vaughn
4345,John Archer
4346,Warner Anderson
4347,Tom Powers
4348,Brian Donlevy
4349,Gottfried John
4350,Sheila Ryan
4351,Molly Gross
4352,Jason Bortz
4353,Marisa Ryan
4354,Paul Robeson
4355,Elisabeth Welch
4356,Esme Percy
4357,Roy Emerton
4358,Rita Wilson
4359,Annie Potts
4360,Margaret Langrick
4361,Tom Wilson
4362,Fidel Abrego
4363,Griffin Dunne
4364,Haviland Morris
4365,Michael E. Knight
4366,Jerry Nelson
4367,Charles Fleischer
4368,Blaze Berdahl
4369,William Katt
4370,Patrick McGoohan
4371,Glenda Jackson
4372,Kenneth More
4373,Ronald Allen
4374,Robert Ayres
4375,Virginia Mayo
4376,Robert Beatty
4377,David Brisbin
4378,Ali Larter
4379,Kerr Smith
4380,Jeanie Drynan
4381,Linal Haft
4382,Russell Dykstra
4383,Anjela Lauren Smith
4384,Wil Johnson
4385,Caroline Chikezie
4386,Tchéky Karyo
4387,Bart the Bear
4388,Youk the Bear
4389,Ella Raines
4390,Jennifer Jones
4391,Torin Thatcher
4392,Nick Cravat
4393,Eva Bartok
4394,Stephen Furst
4395,Mark Metcalf
4396,Tracy Camilla Johns
4397,Tommy Redmond Hicks
4398,John Canada Terrell
4399,Ricky Schroder
4400,Hope Lange
4401,Deborah Raffin
4402,Ed Lauter
4403,Kay Lenz
4404,John P. Ryan
4405,Vanilla Ice
4406,Kristin Minter
4407,Naomi Campbell
4408,Judith Hoag
4409,Josh Pais
4410,Paige Turco
4411,Michelan Sisti
4412,Michael Carmine
4413,Mike Norris
4414,Steve Durham
4415,David Coburn
4416,Donald Gibb
4417,Leah Ayres
4418,Lee Evans
4419,Tom T. Tran
4420,Aaliyah
4421,Shane West
4422,Marla Sokoloff
4423,Jodi Lyn O'Keefe
4424,Susan Tyrrell
4425,Hossein Mahjoub
4426,Mohsen Ramezani
4427,Salameh Feyzi
4428,Christopher Rydell
4429,Ana Torrent
4430,Ferlin Husky
4431,Joi Lansing
4432,Don Bowman
4433,James Aubrey
4434,Tom Chapin
4435,Hugh Edwards
4436,Henry Bergman
4437,Corey Haim
4438,Maureen Flannigan
4439,Demetra Hampton
4440,François Truffaut
4441,Teri Garr
4442,Myriam Boyer
4443,Kylie Travis
4444,Shannon Whirry
4445,Rosanna DeSoto
4446,Kerri Green
4447,Todd Louiso
4448,Maria del Mar
4449,Hill Harper
4450,Mimsy Farmer
4451,Barry Primus
4452,Ray Lovelock
4453,Hugh McDermott
4454,Peter Reynolds
4455,Alberto de Mendoza
4456,Sam J. Jones
4457,Sean McClory
4458,Vilma Bánky
4459,George Fawcett
4460,Suzy Kendall
4461,Luc Merenda
4462,Glen Campbell
4463,John Doe
4464,Adam Horovitz
4465,David Anthony Marshall
4466,Navin Chowdhry
4467,Peggy Ashcroft
4468,Brad Davis
4469,Irene Miracle
4470,Bo Hopkins
4471,Natalya Bondarchuk
4472,Donatas Banionis
4473,Jüri Järvet
4474,Mac Davis
4475,Sondra Locke
4476,Shawn Doyle
4477,Carroll O'Connor
4478,Caroline Frances Cooke
4479,Gustav von Seyffertitz
4480,Dwayne Hickman
4481,Masatoshi Nagase
4482,Screamin' Jay Hawkins
4483,Liza Minnelli
4484,Tawny Kitaen
4485,Adrian Zmed
4486,Carl Weathers
4487,Kevin Peter Hall
4488,John Colicos
4489,Peter Hudson
4490,Emmanuelle Chaulet
4491,Stephen Lack
4492,Katie Garner
4493,Raymond Cordy
4494,Henri Marchand
4495,Rolla France
4496,Kazuo Hasegawa
4497,Fujiko Yamamoto
4498,Ayako Wakao
4499,Dominic West
4500,Justin Theroux
4501,Josh Lucas
4502,Linda Bassett
4503,Jordan Routledge
4504,Paul Cook
4505,Steve Jones
4506,John Lydon
4507,Paul Campbell
4508,Mark Danvers
4509,Carl Bradshaw
4510,Sally Kirkland
4511,Robert Blankshine
4512,Bobcat Goldthwait
4513,Bruce Baum
4514,Helmut Griem
4515,Victor Buono
4516,Forrest Tucker
4517,Robert Taylor
4518,Nigel Bruce
4519,Debbie Fan
4520,Kristen Johnston
4521,Bodil Jørgensen
4522,Jens Albinus
4523,Anne Louise Hassing
4524,Tom Hickey
4525,Keeley Hawes
4526,Diane Ladd
4527,Raphael Sbarge
4528,Jennifer Runyon
4529,Rob Camilletti
4530,Stephen Lee
4531,Cyril O'Reilly
4532,Daniel Chilson
4533,Niklaus Lange
4534,Don Handfield
4535,Claudia Christian
4536,Connie Nielsen
4537,Liam Aiken
4538,John Simm
4539,Lorraine Pilkington
4540,Shaun Parkes
4541,Danny Hoch
4542,Lynn Schlansky Hoch
4543,Gina Brooke
4544,Les Ballets de Paris
4545,Zizi Jeanmaire
4546,Valérie Kaprisky
4547,Art Metrano
4548,Jeff York
4549,Ray Sharkey
4550,Tovah Feldshuh
4551,Leigh McCloskey
4552,Eleonora Giorgi
4553,Giacomo Rossi Stuart
4554,Erika Blanc
4555,Fabienne Dali
4556,Perry King
4557,Frederick Koehler
4558,Barry Pepper
4559,Amanda Schull
4560,Ethan Stiefel
4561,Sascha Radetsky
4562,Elaine Stritch
4563,Amanda Peet
4564,Brian Van Holt
4565,Jonathan Abrahams
4566,Kathryn Grayson
4567,Elvis Presley
4568,Joan Blackman
4569,Robert Culp
4570,Kevin Coughlin
4571,Brooke Bundy
4572,Lawrence P. Casey
4573,Betty Garrett
4574,Mark Holton
4575,Xuan Ngoc Nguyen
4576,Barbara Sonneborn
4577,Joan Freeman
4578,Sherrie Hewson
4579,John Turner
4580,Rosalind Ayres
4581,Mena Suvari
4582,Zak Orth
4583,Seann William Scott
4584,Tracey Ullman
4585,Julius Averitt
4586,Noah Wyle
4587,Margit Carstensen
4588,Lucy Liu
4589,Moby
4590,Lord T. Byron
4591,McGuinnes
4592,Candace Hilligoss
4593,Frances Feist
4594,Sidney Berger
4595,John Carroll
4596,Mack Swain
4597,Tom Murray
4598,Mady Correll
4599,Allison Roddan
4600,George Lazenby
4601,Diana Rigg
4602,Barbara Bach
4603,Curd Jürgens
4604,Pascal Greggory
4605,Valeria Bruni Tedeschi
4606,Macha Méril
4607,Stéphane Freiss
4608,Michael Lonsdale
4609,Britt Ekland
4610,Maxine Audley
4611,Jerry Desmonde
4612,Clarence Geldert
4613,Carl Miller
4614,Albert Dekker
4615,Corinne Marchand
4616,Antoine Bourseiller
4617,Dominique Davray
4618,Paul Giamatti
4619,Maureen Connell
4620,Lauren Hutton
4621,Simón Andreu
4622,Maribel Martín
4623,Alexandra Bastedo
4624,Christopher George
4625,Catriona MacColl
4626,Carlo De Mejo
4627,Michael Hynson
4628,Lord James Blears
4629,Lucille Ball
4630,Nigel Patrick
4631,James Donald
4632,Andrew Keir
4633,William Hickey
4634,Jimmie F. Skaggs
4635,Elizabeth Maclellan
4636,Collin Bernsen
4637,Steve Welles
4638,Greg Webb
4639,Guy Rolfe
4640,Richard Lynch
4641,Ian Abercrombie
4642,Kristopher Logan
4643,Chandra West
4644,Ash Adams
4645,Teresa Hill
4646,George Peck
4647,Emily Harrison
4648,Josh Green
4649,Michael Guerin
4650,Leonard Whiting
4651,Olivia Hussey
4652,John McEnery
4653,Pam Dawber
4654,Cleavon Little
4655,Slim Pickens
4656,Peter Breck
4657,Deborah Walley
4658,Patsy Garrett
4659,Red Steagall
4660,Frank Inn
4661,Benjean
4662,Art Vasil
4663,Rosemary Clooney
4664,Charlotte Stewart
4665,Allen Joseph
4666,Patrick Disanto
4667,Eugene Tatu
4668,Alice Bag Band
4669,Black Flag
4670,Joe Perry
4671,Steven Tyler
4672,Gene Simmons
4673,Mitchell Ryan
4674,Mark Herrier
4675,Wyatt Knight
4676,Tony Ganios
4677,Betsy Russell
4678,Janelle Brady
4679,Gil Brenton
4680,Robert Prichard
4681,Ron Fazio
4682,John Altamura
4683,Phoebe Legere
4684,Jason Lively
4685,Tom Atkins
4686,Steve Marshall
4687,Daryl Edwards
4688,Rosanna Carter
4689,Joanne Samuel
4690,Hugh Keays-Byrne
4691,Tina Turner
4692,Bruce Spence
4693,Lisa Bonet
4694,David Keith
4695,Brian Krause
4696,Alice Krige
4697,Leleti Khumalo
4698,Miriam Makeba
4699,Dwight Schultz
4700,Michael Ontkean
4701,John S. Dickson
4702,Antonio Fargas
4703,Heidi Fleiss
4704,Alan Bates
4705,Mews Small
4706,Ron Thompson
4707,Jerry Holland
4708,Austin Stoker
4709,Darwin Joston
4710,Laurie Zimmer
4711,Adrian Pasdar
4712,Richard Roundtree
4713,Moses Gunn
4714,Allen Garfield
4715,Lindsay Wagner
4716,John Houseman
4717,Richard Foronjy
4718,John Randolph
4719,Jack Kehoe
4720,Michael Sacks
4721,Miriam Hopkins
4722,Kay Francis
4723,Dennis Dun
4724,Brendon Ryan Barrett
4725,Christine Casarsa
4726,Julia Butterfly Hill
4727,Robert Michael Kelly
4728,Torben Brooks
4729,Max Beesley
4730,Frankie Negron
4731,Val Lik
4732,Ramses Ignacio
4733,Julia Sawalha
4734,Phil Daniels
4735,Barbara Parkins
4736,Sylvia Syms
4737,Frances Sternhagen
4738,Edgar Bergen
4739,Dinah Shore
4740,Luana Patten
4741,Evan C. Kim
4742,Bong Soo Han
4743,Damian Chapa
4744,Jesse Borrego
4745,Bryan Brown
4746,M. Emmet Walsh
4747,David Tress
4748,Soon-Tek Oh
4749,Steven Williams
4750,Aki Aleong
4751,Roland Harrah III
4752,Robin Harris
4753,Nelson Eddy
4754,Roy Rogers
4755,Trigger
4756,Dennis Day
4757,Donna Martell
4758,Hayden Rorke
4759,Ross Ford
4760,Osa Massen
4761,John Emery
4762,Frank Finlay
4763,Drew Bundini Brown
4764,Nick Reding
4765,Nicholas Ball
4766,Spencer Breslin
4767,Emily Mortimer
4768,Anna Faris
4769,Jon Abrahams
4770,Jiayi Du
4771,Zheng Fang
4772,Bing He
4773,Chris Ferreira
4774,Mackenzie Firgens
4775,Elizabeth Sun
4776,Lori Singer
4777,Hugh Jackman
4778,Mike White
4779,Chris Weitz
4780,Lupe Ontiveros
4781,Gabrielle Rose
4782,Elize Frances Stolk
4783,Lori Heuring
4784,Susan Ward
4785,Matthew Settle
4786,Katharine Towne
4787,Albert Henderson
4788,Michael Sullivan
4789,Luana Anders
4790,Susan Kiger
4791,Lisa London
4792,Pamela Jean Bryant
4793,Gary Lahti
4794,Tom Savini
4795,Patrick Wayne
4796,Taryn Power
4797,Edward Woodward
4798,John Waters
4799,Kristin Griffith
4800,Georges Adet
4801,Norma Aleandro
4802,Héctor Alterio
4803,Chunchuna Villafañe
4804,Marie Theisen
4805,Hildegun Riise
4806,Horace Heidt
4807,Toshiya Fujita
4808,Isao Hashizume
4809,Seigo Hosogoe
4810,Hisashi Igawa
4811,Cody McMains
4812,Larry Miller
4813,Shirley Henderson
4814,Gina McKee
4815,Piper Perabo
4816,Adam Garcia
4817,Scott Cohen
4818,Jamie Gonzalez
4819,William Ash
4820,Maclean Stewart
4821,Tim Loane
4822,Lauren Ambrose
4823,Nicholas Brendon
4824,Martin Clunes
4825,Michèle Mercier
4826,Lidia Alfonsi
4827,Jason Evers
4828,Virginia Leith
4829,Anthony La Penna
4830,Geoffrey Lewis
4831,Jeff East
4832,John D'Aquino
4833,Felissa Rose
4834,Jonathan Tiersten
4835,Karen Fields
4836,Dolly Parton
4837,Geraldine Fitzgerald
4838,George Brent
4839,Ethel Barrymore
4840,Margaret Cho
4841,Donal Logue
4842,Ayelet Kaznelson
4843,John Hines
4844,Christopher Rodriguez Marquette
4845,Juliane Köhler
4846,Johanna Wokalek
4847,Sergi López
4848,Jacques Viala
4849,Tyne Daly
4850,Marla Sucharetza
4851,Marceline Hugot
4852,RuPaul
4853,Tammy Faye Bakker
4854,Virginia Fairchild
4855,Anne Pitoniak
4856,Brooke Langton
4857,Kate Hudson
4858,Tommy Tiernan
4859,Takehiro Murata
4860,Hiroshi Abe
4861,Naomi Nishida
4862,Steve Harvey
4863,D.L. Hughley
4864,Simon Baker
4865,O.J. Simpson
4866,Martha Scott
4867,Fay Bainter
4868,Van Heflin
4869,Michael Callan
4870,Stephanie Buttle
4871,Charles Gray
4872,Nike Arrighi
4873,Dean Jagger
4874,Edward Chapman
4875,Maury Chaykin
4876,Jack Elliott
4877,Gil Gross
4878,Arlo Guthrie
4879,Trey Anastasio
4880,Jon Fishman
4881,Mike Gordon
4882,Eliza Dushku
4883,Rick Stear
4884,Rafael Báez
4885,Adrian Paul
4886,Bruce Payne
4887,Pras Michel
4888,Ja Rule
4889,Jason Statham
4890,Benno Fürmann
4891,Anna Loos
4892,Chris Rock
4893,María Galiana
4894,Ana Fernández
4895,Carlos Álvarez-Nóvoa
4896,Patrick Fugit
4897,Peter Stormare
4898,Huey Lewis
4899,Francisco Rabal
4900,Jose Coronado
4901,Dafne Fernández
4902,Scott Denny
4903,Jennifer Morrison
4904,Matthew Davis
4905,Murilo Benício
4906,Harold Perrineau
4907,Björk
4908,Michael Hitchcock
4909,Hallie Eisenberg
4910,Steven Page
4911,Ed Robertson
4912,Jim Creeggan
4913,Timothy Olyphant
4914,Zach Braff
4915,Michelle Rodriguez
4916,Douglas Santiago
4917,Jamie Tirelli
4918,Wood Harris
4919,Andrew Robinson
4920,Clare Higgins
4921,Ashley Laurence
4922,Terry Farrell
4923,Kevin Bernhardt
4924,Dorothy Malone
4925,Frankie Avalon
4926,Martha Hyer
4927,Brett Halsey
4928,David Frankham
4929,Eszter Balint
4930,Barbara Eden
4931,Stephen Boyd
4932,Raquel Welch
4933,Bud Abbott
4934,Lou Costello
4935,Cora Witherspoon
4936,Don Sullivan
4937,Fred Graham
4938,Lisa Simone
4939,Gloria Stuart
4940,William Harrigan
4941,James Best
4942,Ingrid Goude
4943,Ken Curtis
4944,Jeff Morrow
4945,Barbara Lawrence
4946,Cynthia Rhodes
4947,Michele Michaels
4948,Robin Stille
4949,Michael Villella
4950,Gail Thackray
4951,Melissa Moore
4952,Stacia Zhivago
4953,Savion Glover
4954,Vaughan Sheffield
4955,Christian Patterson
4956,Lisa Perry
4957,Lara Jill Miller
4958,Joshua Seth
4959,Bob Papenbrook
4960,Teri Polo
4961,Colin Farrell
4962,Clifton Collins Jr.
4963,Michael Rispoli
4964,Kelly Macdonald
4965,Kathrine Narducci
