director_id,director
1,John Lasseter
2,Joe Johnston
3,Howard Deutch
4,Forest Whitaker
5,Charles Shyer
6,Michael Mann
7,Sydney Pollack
8,Peter Hewitt
9,Peter Hyams
10,Martin Campbell
11,Rob Reiner
12,Mel Brooks
13,Simon Wells
14,Oliver Stone
15,Renny Harlin
16,Martin Scorsese
17,Ang Lee
18,Allison Anders
19,Alexandre Rockwell
20,Robert Rodriguez
21,Steve Oedekerk
22,Joseph Ruben
23,Barry Sonnenfeld
24,Jon Amiel
25,Richard Donner
26,Victor Salva
27,Mike Figgis
28,Oliver Parker
29,Lesli Linka Glatter
30,Roger Michell
31,Marc Caro
32,Jean-Pierre Jeunet
33,Yimou Zhang
34,John N. Smith
35,Jean-Jacques Annaud
36,Chris Noonan
37,Christopher Hampton
38,Tim Robbins
39,Stephen Low
40,Andy Tennant
41,Amy Heckerling
42,Darrell Roodt
43,Richard Loncraine
44,Albert Hughes
45,Allen Hughes
46,Michael Hoffman
47,Paul W.S. Anderson
48,Gus Van Sant
49,Jocelyn Moorhouse
50,Mike Gabriel
51,Eric Goldberg
52,Patricia Rozema
53,Bryan Singer
54,Richard W. Munchkin
55,Woody Allen
56,Gianni Amelio
57,Holly Goldberg Sloan
58,Ulu Grosbard
59,Robert Tinnell
60,Jodie Foster
61,Robert Lepage
62,Frank Oz
63,John Schlesinger
64,Stephen Herek
65,Paris Barclay
66,Bill Bennett
67,Jason Bloom
68,James Foley
69,Josiane Balasko
70,F. Gary Gray
71,Andrew Sipes
72,Noah Baumbach
73,Claude Lelouch
74,Michael Goldenberg
75,Steve Miner
76,Christian Duguay
77,Susanne Ofteringer
78,Sean Penn
79,Brian Gibson
80,Jafar Panahi
81,Gary Fleder
82,Marleen Gorris
83,Tim Reid
84,Henry Jaglom
85,Philip Haas
86,Ridley Scott
87,Ken Kwapis
88,Penelope Spheeris
89,John Badham
90,John Duigan
91,Stephen Frears
92,Wes Craven
93,Ted Demme
94,John Woo
95,Steve Loter
96,Nick Broomfield
97,Harold Becker
98,Wes Anderson
99,Nick Castle
100,John Dahl
101,Dennis Dugan
102,Clint Eastwood
103,Doris Dörrie
104,Brian Henson
105,Robert Leacock
106,James Bruce
107,Mel Gibson
108,Stanley Tong
109,Barbet Schroeder
110,Mort Ransen
111,Étienne Chatiliez
112,Jon Blair
113,Benjamin Ross
114,Eric Schaeffer
115,Andrew Davis
116,Charles T. Kanganis
117,Reginald Hudlin
118,Wong Kar-Wai
119,Giuseppe Tornatore
120,David O. Russell
121,Peter MacDonald
122,Bryan Gordon
123,Rebecca Miller
124,Michael Lindsay-Hogg
125,William Friedkin
126,Ángel Muñiz
127,Craig Baldwin
128,David S. Ward
129,Mark Rappaport
130,Dirk Shafer
131,Terence Davies
132,Sandip Ray
133,Steve Drake
134,Mike Nichols
135,Terrell Tannen
136,Jakov Sedlar
137,Edward Burns
138,Michael Bay
139,Christopher Cain
140,Scott Kalvert
141,Mike Newell
142,Hal Hartley
143,Ron Howard
144,Michael Caton-Jones
145,Abel Ferrara
146,Joel Schumacher
147,Luis Buñuel
148,John Boorman
149,Paul Auster
150,Wayne Wang
151,Harvey Wang
152,Brad Silberling
153,Spike Lee
154,Frank Marshall
155,Tony Scott
156,Terry Zwigoff
157,Carl Franklin
158,John McTiernan
159,Gregg Araki
160,Christopher Menaul
161,Jerry Zucker
162,Dwight H. Little
163,Iain Softley
164,Christopher Ashley
165,Robert Longo
166,Danny Cannon
167,John Fortenberry
168,Larry Clark
169,Tom DiCillo
170,Clive Barker
171,Antonia Bird
172,Kevin Smith
173,Thomas C. Grane
174,David Anspaugh
175,Michael Almereyda
176,Irwin Winkler
177,Chris Columbus
178,Daisy von Scherler Mayer
179,Gregory Widen
180,Norman René
181,Todd Haynes
182,Roland Joffé
183,Dean Parisot
184,Paul Verhoeven
185,Lasse Hallström
186,Roger Donaldson
187,James Keach
188,Kathryn Bigelow
189,Jacques Demy
190,Wesley Strick
191,Martha Coolidge
192,Agnieszka Holland
193,Beeban Kidron
194,Geoff Murphy
195,Diane Keaton
196,Douglas Keeve
197,Alfonso Arau
198,Kevin Reynolds
199,Desmond Nakano
200,Walter Hill
201,Greg Beeman
202,Nikita Mikhalkov
203,Milcho Manchevski
204,Richard Linklater
205,Tamra Davis
206,Guy Ferland
207,Herbert Ross
208,Peter Horton
209,Stuart Gordon
210,Pat O'Connor
211,Barry Levinson
212,René Bonnière
213,Jack Baran
214,Roman Polanski
215,Atom Egoyan
216,Garry Marshall
217,Tim Burton
218,Lawrence Kasdan
219,Billy Crystal
220,Phillip Borsos
221,Brett Leonard
222,Carlo Carlei
223,Art Clokey
224,Steve James
225,Peter Jackson
226,Bernard Rose
227,J.F. Lawton
228,Fred Schepisi
229,Neil Jordan
230,James Ivory
231,Ivan Reitman
232,Arne Glimcher
233,Michael Gottlieb
234,George Lucas
235,Gillian Armstrong
236,Alfonso Cuarón
237,Ken Loach
238,Edward Zwick
239,James Gray
240,Glenn Gordon Caron
241,Stephen Gyllenhaal
242,Nicholas Hytner
243,James Orr
244,Nora Ephron
245,Richard Benjamin
246,Les Mayfield
247,David Frankel
248,Gregory Nava
249,Marc Rocco
250,Robert Benton
251,Michael Apted
252,Nick Gomez
253,Albert Pyun
254,Alan Jacobs
255,Norman Jewison
256,Lee Tamahori
257,Wolfgang Petersen
258,Luc Besson
259,Mira Nair
260,Joshua Brand
261,Quentin Tarantino
262,Mario Van Peebles
263,Robert Redford
264,Patrice Chéreau
265,Sam Raimi
266,Peter Yates
267,Robert Altman
268,Krzysztof Kieslowski
269,Fred Gerber
270,George Mihalka
271,Harold Ramis
272,Richard Rich
273,John Sayles
274,Luis Llosa
275,Roland Emmerich
276,John Pasquin
277,Frank Darabont
278,Danny Boyle
279,Scott McGehee
280,David Siegel
281,Geoff Burton
282,Kevin Dowling
283,Kelly Makin
284,Rachel Talalay
285,David Carson
286,Rusty Cundieff
287,Brian Gilbert
288,John Carpenter
289,Peter Segal
290,Louis Malle
291,Steven Soderbergh
292,Preston A. Whitmore II
293,Jon Turteltaub
294,Jon Avnet
295,Mina Shum
296,P.J. Hogan
297,Melanie Mayron
298,Tom Shadyac
299,Stephan Elliott
300,Phillip Noyce
301,Jessie Nelson
302,Alex Proyas
303,Ron Shelton
304,Brian Levant
305,Robert Zemeckis
306,John Singleton
307,Darnell Martin
308,Andrew Bergman
309,Stephen Sommers
310,Ray Müller
311,Roger Allers
312,Rob Minkoff
313,Bernardo Bertolucci
314,Chuck Russell
315,Alan Rudolph
316,Ben Stiller
317,Donald Petrie
318,Robert Allan Ackerman
319,Curtis Hanson
320,Jan de Bont
321,Ron Underwood
322,James Cameron
323,Luis Mandoki
324,Damian Harris
325,Jefery Levy
326,Russ Meyer
327,Doug McHenry
328,Dave Borthwick
329,Steven E. de Souza
330,Wallace Wolodarsky
331,Paul Warner
332,Vincent Robert
333,Theodore Thomas
334,Lucas Platt
335,Ross Kagan Marks
336,Paul Williams
337,Jefri Aalmuhammed
338,Jack Baxter
339,Michael Corrente
340,John G. Avildsen
341,Jeff Pollack
342,Thomas Schlamme
343,Michael Lehmann
344,Paul Michael Glaser
345,Jonathan Kaplan
346,Whit Stillman
347,John Landis
348,Caroline Thompson
349,Stephen Hopkins
350,Tony Richardson
351,Jennifer Lynch
352,Robert De Niro
353,Adam Resnick
354,John Whitesell
355,Brian De Palma
356,Paul Weiland
357,Mick Jackson
358,Steve Barron
359,Richard Rush
360,Michael Ritchie
361,Gregg Champion
362,Marco Brambilla
363,Bruce Brown
364,Carl Reiner
365,Kaige Chen
366,Peter Weir
367,Alek Keshishian
368,Steve Kloves
369,John Irvin
370,Simon Wincer
371,Boaz Yakin
372,Rose Troche
373,Bruce Beresford
374,Sidney Lumet
375,Jim Abrahams
376,Julianna Lavin
377,Christopher Monger
378,Bille August
379,Eric Meza
380,Joel Coen
381,Ethan Coen
382,James L. Brooks
383,Daniel Petrie Jr.
384,Jim Sheridan
385,Matty Rich
386,Steven Spielberg
387,Dominic Sena
388,Daniel Petrie
389,James Lapine
390,David Cronenberg
391,Stuart Baird
392,Nagisa Ôshima
393,Tom Noonan
394,Kenneth Branagh
395,Anthony Minghella
396,Mike Leigh
397,Michael Tolkin
398,Jonathan Demme
399,Jane Campion
400,Mel Smith
401,Penny Marshall
402,Philip Kaufman
403,Alan Parker
404,Fred Dekker
405,Peter Medak
406,Geoffrey Wright
407,Victor Nunez
408,Tim Hunter
409,Cyril Collard
410,Steven Zaillian
411,Chris Menges
412,John Waters
413,Russell Mulcahy
414,Richard Attenborough
415,Gillies MacKinnon
416,Steve Rash
417,Rowdy Herrington
418,Jean Valjean
419,Annabel Jankel
420,Rocky Morton
421,Ernest R. Dickerson
422,Deran Sarafian
423,François Girard
424,Andrew Fleming
425,Henry Selick
426,George P. Cosmatos
427,Heywood Gould
428,Chris Hegedus
429,D.A. Pennebaker
430,Pier Paolo Pasolini
431,Pixote Hunt
432,Jerry Ciccoritti
433,Jennifer Warren
434,Paul Thomas
435,Todd Solondz
436,Claude Berri
437,Dennis Hopper
438,Guillermo del Toro
439,Pedro Almodóvar
440,Gurinder Chadha
441,Andrew Scheinman
442,Åke Sandgren
443,Eva Sereny
444,George Miller
445,Ricky Tognazzi
446,Michael Austin
447,Rob Epstein
448,Jeffrey Friedman
449,María Luisa Bemberg
450,Betty Thomas
451,Ron Clements
452,John Musker
453,Kevin Costner
454,Steve Cohen
455,William Cottrell
456,David Hand
457,Wilfred Jackson
458,Gary Trousdale
459,Kirk Wise
460,Norman Ferguson
461,T. Hee
462,Sam Peckinpah
463,C.M. Talkington
464,Jianxin Huang
465,Jean Bach
466,Sam Weisman
467,Stephen Surjik
468,Bill Condon
469,Stephen Poliakoff
470,David R. Ellis
471,Gerald Potterton
472,John Bruno
473,John Halas
474,Kevin Yagher
475,Matt Reeves
476,Franco Zeffirelli
477,Anna Campion
478,Wolfgang Reitherman
479,Bill Couturié
480,Werner Herzog
481,André Téchiné
482,Vern Oakley
483,Mika Kaurismäki
484,Martin Lawrence
485,Stacy Title
486,Gregory Hoblit
487,Clement Virgo
488,Bruno Barreto
489,Larry Leker
490,Paul Sabella
491,Hal Salwen
492,Jonathan R. Betuel
493,Richard Pearce
494,Todd Verow
495,Jonathan Lynn
496,Jeremiah S. Chechik
497,Hervé Palud
498,Martin Enlen
499,Carlo Rola
500,Ed Herzog
501,Claude Sautet
502,Pen Densham
503,Park Chul-Soo
504,Rob Cohen
505,Joseph Vilsmaier
506,Richard Wherrett
507,René Clément
508,Anthony Hopkins
509,Paul Mazursky
510,Emir Kusturica
511,Satyajit Ray
512,Jim Mallon
513,Helen De Michiel
514,Joe Pytka
515,Roger Vadim
516,Brett Piper
517,Jean-Luc Godard
518,Bertrand Tavernier
519,Claude Chabrol
520,Gordon Willis
521,Michael Blakemore
522,Norberto Barba
523,Robert Mandel
524,Pat Verducci
525,Michael Winterbottom
526,Steven Baigelman
527,Barry Caillier
528,Patrick Read Johnson
529,Stijn Coninx
530,John Cassavetes
531,Stacy Cochran
532,Britt Allcroft
533,Mark Joffe
534,Steve Gomer
535,George Scribner
536,Tom DeCerchio
537,Alan Shapiro
538,Angela Pope
539,Betty Kaplan
540,Jim Jarmusch
541,Jean-Paul Rappeneau
542,Jack Hill
543,Manuel Gómez Pereira
544,Jean-Marie Poiré
545,Nick Park
546,Brett Thompson
547,Gaylene Preston
548,Phil Joanou
549,Larry Cohen
550,Fred Williamson
551,Mitchell Kozuchowski
552,Harvey Miller
553,Michele Soavi
554,David Hogan
555,Gabriel Barylli
556,Mamoru Oshii
557,Tom Holland
558,Rick Friedberg
559,Udayan Prasad
560,Abraham Polonsky
561,David Twohy
562,Robert Z. Leonard
563,Guy Maddin
564,John O'Brien
565,Kevin James Dobson
566,Victor Saville
567,Ebrahim Forouzesh
568,Freida Lee Mock
569,Kevin Gorman
570,David Keating
571,James Mangold
572,Francis Ford Coppola
573,Mary Harron
574,Charles Matthau
575,Goran Paskaljevic
576,Chris Hunt
577,Julio de Fleischner
578,Jean-Pierre Bekolo
579,Djibril Diop Mambéty
580,Gaston Kaboré
581,Federico Fellini
582,Victoria Foyt
583,Robby Henson
584,Scott Winant
585,Bobby Farrelly
586,Peter Farrelly
587,Gyula Gazdag
588,Mel Chionglo
589,Christopher Larkin
590,Laurent Heynemann
591,Bronwen Hughes
592,Nicole Holofcener
593,Fraser C. Heston
594,Kevin Hooks
595,Howard Franklin
596,Mitch Marcus
597,Nicolas Roeg
598,Arlene Sanford
599,Maurizio Nichetti
600,Paul Turner
601,Peter Sehr
602,Manoel de Oliveira
603,John Payson
604,Hugh Wilson
605,Nigel Finch
606,Hart Bochner
607,Doug Ellin
608,Annette Haywood-Carter
609,Danny DeVito
610,Douglas McGrath
611,Tim Pope
612,Harry Winer
613,John Rubino
614,Ho Yim
615,Marcus DeLeon
616,Lee David Zlotoff
617,Anh Hung Tran
618,Julian Schnabel
619,Don Featherstone
620,Keisuke Kinoshita
621,Leone Pompucci
622,Junli Zheng
623,Jack O'Connell
624,Sönke Wortmann
625,Lisa Krueger
626,Lana Wachowski
627,Lilly Wachowski
628,Arthur Hiller
629,Daniel Schmid
630,Tim Metcalfe
631,Izidore K. Musallam
632,Jim McKay
633,Karim Dridi
634,John Frankenheimer
635,Richard Stanley
636,David Mickey Evans
637,David Koepp
638,Gary Winick
639,Nick Hamm
640,Roy Allen Smith
641,Theo van Gogh
642,Rafael Moleón
643,Joe Chappelle
644,Trevor Nunn
645,Keith Gordon
646,Sam Wood
647,George Cukor
648,Stanley Donen
649,Gene Kelly
650,Vincente Minnelli
651,Blake Edwards
652,Alfred Hitchcock
653,Frank Capra
654,Mark Sandrich
655,Billy Wilder
656,Michael Curtiz
657,John Huston
658,William Wyler
659,Walter Lang
660,William A. Seiter
661,Victor Fleming
662,Norman Taurog
663,Orson Welles
664,Stanley Kubrick
665,Mitchell Leisen
666,Joseph L. Mankiewicz
667,Leo McCarey
668,Ernst Lubitsch
669,Charles Walters
670,William Keighley
671,Rouben Mamoulian
672,Otto Preminger
673,Gregory La Cava
674,George Stevens
675,Elia Kazan
676,W.S. Van Dyke
677,Howard Hawks
678,Michael Anderson
679,John Farrow
680,Victor Sjöström
681,William A. Wellman
682,John Cromwell
683,Archie Mayo
684,Busby Berkeley
685,Henry Koster
686,James Edward Grant
687,Lewis Milestone
688,Howard Hughes
689,George A. Romero
690,Richard Brooks
691,Victor Schertzinger
692,Frank Borzage
693,Edwin L. Marin
694,Josef von Sternberg
695,Thaddeus O'Sullivan
696,Joshua Logan
697,Chris Newby
698,Carroll Ballard
699,Lance Young
700,Ringo Lam
701,Amy Holden Jones
702,Matthew Broderick
703,Campbell Scott
704,Stanley Tucci
705,Robert M. Young
706,John Herzfeld
707,Reb Braddock
708,John Walsh
709,John Gray
710,Robert Lieberman
711,Norman Tokar
712,Norman Foster
713,John Hough
714,Robert Stevenson
715,David Swift
716,Duwayne Dunham
717,Charles Barton
718,Ken Annakin
719,Richard Fleischer
720,William Dear
721,Clyde Geronimi
722,Hamilton Luske
723,Ben Sharpsteen
724,Samuel Armstrong
725,Don Chaffey
726,Don Bluth
727,Ward Kimball
728,Ted Berman
729,Art Stevens
730,Matthew Bright
731,Robert Wise
732,Nick Cassavetes
733,Iara Lee
734,Tom Hanks
735,Michael Pressman
736,Joseph Bologna
737,Renée Taylor
738,Hettie Macdonald
739,Al Pacino
740,Steve Buscemi
741,Ismail Merchant
742,John McNaughton
743,Leon Ichaso
744,Doug Liman
745,Michael Cimino
746,Scott Silver
747,Tad Stones
748,Edward Dmytryk
749,Jack Clayton
750,Charles Crichton
751,John Cleese
752,Terry Jones
753,Arthur Penn
754,John Sturges
755,Fred Zinnemann
756,Frédéric Mitterrand
757,Emile Ardolino
758,Ted Kotcheff
759,Ray Manzarek
760,Alan J. Pakula
761,Michael Covert
762,Nicholas Ray
763,Hugo Van Lawick
764,Erik Burke
765,Claude Nuridsany
766,Marie Pérennou
767,John Francis Sullivan
768,Benoît Jacquot
769,Jaco Van Dormael
770,Milos Forman
771,R.J. Cutler
772,David Van Taylor
773,Mark Rydell
774,Ate de Jong
775,Aaron Speiser
776,Howard Zieff
777,Rick Castro
778,Bruce La Bruce
779,Russ Hexter
780,Sharon Pollack
781,Michael Ray Rhodes
782,Frans Weisz
783,Raúl Ruiz
784,Kurt Miller
785,Peter Speek
786,John L'Ecuyer
787,Leon Gast
788,Daniel Vigne
789,Jan Svankmajer
790,Alfred L. Werker
791,Anthony Mann
792,Norman Z. McLeod
793,Elliott Nugent
794,Volker Schlöndorff
795,Martine Dugowson
796,Nina Menkes
797,Eric Red
798,Barbara Kopple
799,Cathy Caplan
800,Thomas Haneke
801,Phillip Rhee
802,Peter Greenaway
803,Peter Chelsom
804,Gabriele Salvatores
805,Baz Luhrmann
806,Errol Morris
807,Jennie Livingston
808,Lou Adler
809,Tommy Chong
810,Irvin Kershner
811,Terry Gilliam
812,Sergio Leone
813,Bruce Robinson
814,David Lean
815,Nelson Shin
816,Robert Mulligan
817,Richard Marquand
818,Wim Wenders
819,Carol Reed
820,Akira Kurosawa
821,John Ford
822,Andrei Tarkovsky
823,Markus Imhoof
824,George Roy Hill
825,Hal Ashby
826,Ingmar Bergman
827,Bill Forsyth
828,Savage Steve Holland
829,Fritz Lang
830,Jean-Jacques Beineix
831,Allan Moyle
832,Franklin J. Schaffner
833,Katsuhiro Ôtomo
834,Stuart Rosenberg
835,Charles Chaplin
836,James Algar
837,Ford Beebe Jr.
838,Jeannot Szwarc
839,Fred M. Wilcox
840,Phil Alden Robinson
841,Keoni Waxman
842,John G. Young
843,Doug Pray
844,John Murlowski
845,Susan Streitfeld
846,Larry Bishop
847,Jon Sherman
848,Anne Haugsgjerd
849,Herb Gardner
850,Carl Prechezer
851,David Fincher
852,Tony Randel
853,Steve White
854,Damiano Damiani
855,Tom Berry
856,Paul Morrissey
857,Fred Walton
858,Irvin S. Yeaworth Jr.
859,Russell S. Doughten Jr.
860,Jeff Werner
861,James Whale
862,Dan Curtis
863,J. Lee Thompson
864,Paul Schrader
865,F.W. Murnau
866,Kevin Spacey
867,Barbra Streisand
868,Lars von Trier
869,Ole Bornedal
870,Jonathan Frakes
871,Scott Hicks
872,Billy Bob Thornton
873,Michelangelo Antonioni
874,Joe Berlinger
875,Bruce Sinofsky
876,Hans Petter Moland
877,Patrice Leconte
878,Claire Denis
879,Nicholas Meyer
880,William Shatner
881,Leonard Nimoy
882,Randal Kleiser
883,Patricia Birch
884,Daniel J. Sullivan
885,Joseph H. Lewis
886,Joe Alves
887,Alexander Payne
888,Cameron Crowe
889,Anjelica Huston
890,Jerry Zaks
891,Martin Donovan
892,Geoffrey Johnson
893,Mike Judge
894,Mike de Seve
895,Robert Harling
896,Terry George
897,Dan Ireland
898,Albert Brooks
899,Murray Lerner
900,Paul McCartney
901,Robert Young
902,Robert Butler
903,Michael Rymer
904,Thomas Carter
905,Bill Baggs
906,Steven Paul
907,Andrew Birkin
908,Peter Baldwin
909,E. Max Frye
910,Stefan Schwietert
911,Bryan Spicer
912,Jan Sverák
913,Vondie Curtis-Hall
914,Beth Gage
915,George Gage
916,Christopher Guest
917,Sergei Bodrov
918,Craig Rosenberg
919,Paul Miller
920,Bob Spiers
921,Stephen Kessler
922,Jack Fisher
923,David Lynch
924,Peter Spirer
925,Mark Christopher
926,Tom Donaghy
927,Theodore Witcher
928,Greg Mottola
929,Rolf de Heer
930,Mark Dindal
931,Robert Townsend
932,Emma-Kate Croghan
933,Randall Miller
934,Shuki Levy
935,David Winning
936,Hark Tsui
937,George Armitage
938,Leslie Greif
939,Lynne Stopkewich
940,Tom Schulman
941,Jack N. Green
942,Alex Sichel
943,Seth Zvi Rosenfeld
944,Nana Dzhordzhadze
945,David Mirkin
946,Peter Duncan
947,Jay Roach
948,Jonathan Mostow
949,Gregor Nicholas
950,Daniel Taplitz
951,Mo Ogrodnik
952,Kiefer Sutherland
953,L.A. Puopolo
954,Ronny Yu
955,Philip Goodhew
956,Kevin Bacon
957,Jean-Pierre Dardenne
958,Luc Dardenne
959,Joe Mantello
960,Masayuki Suô
961,Dee McLachlan
962,Kevin Allen
963,Griffin Dunne
964,Mark Herman
965,David Hare
966,Jacques Doillon
967,Dr. Philgood
968,Emilio Estevez
969,Clare Peploe
970,Simon West
971,Julia Dyer
972,Laetitia Masson
973,Adrienne Shelly
974,Charlene Prickett
975,Dana Lustig
976,Finn Taylor
977,Jim Wilson
978,Stephen Kay
979,Yvonne Rainer
980,Shin'ya Tsukamoto
981,Mohsen Makhmalbaf
982,Masahisa Sadanaga
983,Scott Michell
984,Shirley Barrett
985,John Milius
986,Mark A.Z. Dippé
987,Charles Martin Smith
988,Neil LaBute
989,Sam Pillsbury
990,Kenneth Johnson
991,Bill Duke
992,Andy Cadiff
993,Brett Ratner
994,John Nicolella
995,Timothy Fong
996,Tony Vitale
997,Miguel Arteta
998,Mimi Leder
999,George Tillman Jr.
1000,Matthew Harrison
1001,Robert Kurtzman
1002,Félix Enríquez Alcalá
1003,John Patrick Kelley
1004,Larry Arrick
1005,Keith Samples
1006,Gavin Wilding
1007,Lionel C. Martin
1008,Peter Cattaneo
1009,John Madden
1010,Jim Gillespie
1011,Taylor Hackford
1012,Andy Wilson
1013,Mark Waters
1014,Andrew Niccol
1015,Charles Sturridge
1016,John O'Hagan
1017,Kasi Lemmons
1018,Jeb Stuart
1019,Jim Kouf
1020,Robert Downey Sr.
1021,Costa-Gavras
1022,Sally Potter
1023,Jonas Pate
1024,Josh Pate
1025,Paul Thomas Anderson
1026,Peter Howitt
1027,John R. Leonetti
1028,Billy Hopkins
1029,Gary Goldman
1030,Robert Duvall
1031,Agnès Merlet
1032,Sean Mathias
1033,Louis Saia
1034,Raja Gosnell
1035,Joel B. Marsden
1036,Monika Harris
1037,Stephen Kijak
1038,Cindy Sherman
1039,Rodney Gibbons
1040,Roger Spottiswoode
1041,Seth Michael Donsky
1042,Gaël Morel
1043,Richard Friedenberg
1044,Alan Rickman
1045,Frank Chindamo
1046,George Mendeluk
1047,Jorge Fons
1048,Darin Scott
1049,Dean Semler
1050,Manny Coto
1051,Mikael Salomon
1052,Stefan Schwartz
1053,Greg Spence
1054,Marshall Herskovitz
1055,Brian Evans
1056,Marvin Baker
1057,Bret Michaels
1058,Charlie Peters
1059,Antoine Fuqua
1060,Michael Radford
1061,Mark Pavia
1062,Kevin Goetz
1063,Michael Goetz
1064,Millicent Shelton
1065,Frank Coraci
1066,Nina Gilden Seavey
1067,Rupert Wainwright
1068,Richard Kwietniowski
1069,Zalman King
1070,David Breashears
1071,Stephen Judson
1072,Greg MacGillivray
1073,Jonathan Darby
1074,Peter O'Fallon
1075,Randall Wallace
1076,John Roberts
1077,Bob Gosse
1078,M. Night Shyamalan
1079,Eugene Garcia
1080,James Toback
1081,Steve Boyum
1082,Michael Moore
1083,Craig Lahiff
1084,David Mamet
1085,Barnet Kellman
1086,Jake Kasdan
1087,Gary Oldman
1088,John Johnson
1089,Anthony Hickox
1090,David DeCoteau
1091,Todd Holland
1092,Sammo Kam-Bo Hung
1093,Abbas Kiarostami
1094,Mike van Diem
1095,Pål Sletaune
1096,John Warren
1097,Larry David
1098,Kirk Wong
1099,Carl Schenkel
1100,Tim McCanlies
1101,Leonid Boyko
1102,Vyacheslav Krishtofovich
1103,Viacheslav Kryshtofovych
1104,James F. Robinson
1105,Jill Sprecher
1106,Thom Fitzgerald
1107,Frederik Du Chau
1108,Warren Beatty
1109,Don Roos
1110,Michael Martin
1111,Erik Skjoldbjærg
1112,Antonio Tibaldi
1113,Scott Reynolds
1114,Caroline Link
1115,Harry Elfont
1116,Deborah Kaplan
1117,Des McAnuff
1118,Lisa Cholodenko
1119,David Leland
1120,Tim Kirkman
1121,Tiffanie DeBartolo
1122,Manuel Pradal
1123,Tony Bancroft
1124,Barry Cook
1125,Marc Evans
1126,Paddy Breathnach
1127,Chris Eyre
1128,Vincent Gallo
1129,Joe Dante
1130,Darren Aronofsky
1131,Susan Skoog
1132,Harry d'Abbadie d'Arrast
1133,Harry Beaumont
1134,Wesley Ruggles
1135,Edmund Goulding
1136,Frank Lloyd
1137,William Dieterle
1138,Laurence Olivier
1139,Robert Rossen
1140,Cecil B. DeMille
1141,Delbert Mann
1142,Jerome Robbins
1143,Hugh Hudson
1144,Alex Cox
1145,Jim Henson
1146,John Hughes
1147,Sean S. Cunningham
1148,Joseph Zito
1149,Tom McLoughlin
1150,Rob Hedden
1151,Rick Rosenthal
1152,Dominique Othenin-Girard
1153,Paul Lynch
1154,Bruce Pittman
1155,John Lafia
1156,Tobe Hooper
1157,Gary Sherman
1158,Rospo Pallenberg
1159,William Peter Blatty
1160,Theresa Connelly
1161,Ronald Neame
1162,Vincent McEveety
1163,Jack Donohue
1164,Adrian Lyne
1165,David Nutter
1166,Gary Nelson
1167,Jeff Blyth
1168,Charles Jarrott
1169,Steven Hilliard Stern
1170,Burny Mattinson
1171,Dave Michener
1172,Kenny Ortega
1173,Fletcher Markle
1174,Nancy Meyers
1175,David Zucker
1176,Sarah Kelly
1177,Sandra Goldbacher
1178,Jacques Tourneur
1179,Peter Masterson
1180,Liliana Cavani
1181,István Szabó
1182,Jeremy Kagan
1183,Hendel Butoy
1184,John Lounsbery
1185,Walter Murch
1186,Les Clark
1187,Eric Larson
1188,Harve Foster
1189,Xavier Koller
1190,Steven Lisberger
1191,Ralph S. Singleton
1192,Ralph Bakshi
1193,Chris Ashbrook
1194,Stephen King
1195,Lewis Teague
1196,Fritz Kiersch
1197,Dan Kuenster
1198,Jesse Peretz
1199,John Hamburg
1200,Jerry Lewis
1201,Charles Nichols
1202,Iwao Takamoto
1203,Martin Rosen
1204,John Hubley
1205,Phil Nibbelink
1206,Michael Chapman
1207,Carol Frank
1208,Ethan Wiley
1209,Jamie Uys
1210,Richard Martin
1211,Clyde Lucas
1212,Kevin Rodney Sullivan
1213,Pupi Avati
1214,Chuck Parello
1215,Peter George
1216,Stephen Norrington
1217,Randa Haines
1218,Alan Cohn
1219,Pat Proft
1220,Brad Anderson
1221,Sarah Kernochan
1222,Bill Plympton
1223,Robert Bierman
1224,François Ozon
1225,Bob Saget
1226,Tsui Hark
1227,William Nicholson
1228,Adrian Brunel
1229,Hugh Croise
1230,Seymour Hicks
1231,Vincenzo Natali
1232,Troy Byer
1233,Lance Hool
1234,Mark Steven Johnson
1235,Robert Towne
1236,Tony Bill
1237,Lewis John Carlino
1238,Tamar Simon Hoffs
1239,Paul Brickman
1240,Peter Sellars
1241,Silvio Narizzano
1242,Charles Band
1243,Jerry Schatzberg
1244,Carl Schultz
1245,Dan Aykroyd
1246,Terry Hughes
1247,Caroline Thomas
1248,David Veloz
1249,Lance Mungia
1250,Jamie Blanks
1251,David Dobkin
1252,Shekhar Kapur
1253,Lindsay Anderson
1254,Piers Haggard
1255,Peter Sellers
1256,Gordon Douglas
1257,Susanna Styron
1258,Eric Darnell
1259,Tim Johnson
1260,Lawrence Guterman
1261,Vincent Ward
1262,John Pieplow
1263,John Maybury
1264,Marc Levin
1265,Arthur Marks
1266,Stefan Ruzowitzky
1267,Evan Dunsky
1268,Gary Ross
1269,Bennett Miller
1270,Roberto Benigni
1271,Trey Parker
1272,John Harrison
1273,Tony Kaye
1274,Richard LaGravenese
1275,Hype Williams
1276,Martin Brest
1277,Bruce McDonald
1278,Andrei Konchalovsky
1279,Eugene Corr
1280,Bryan Forbes
1281,James D. Parriott
1282,Igor Kovalyov
1283,Norton Virgien
1284,Andrew Stanton
1285,Walter Salles
1286,Predrag Antonijevic
1287,Kirk Jones
1288,Thomas Vinterberg
1289,Edward D. Wood Jr.
1290,Ishirô Honda
1291,Kôji Hashimoto
1292,Merian C. Cooper
1293,Ernest B. Schoedsack
1294,John Guillermin
1295,Charles McCracken
1296,Susan Seidelman
1297,John Glen
1298,Jerry Paris
1299,James Signorelli
1300,Jim Drake
1301,Alan Myerson
1302,Peter Bonerz
1303,Peter Berg
1304,Ferzan Özpetek
1305,Troy Miller
1306,Brenda Chapman
1307,Steve Hickner
1308,Glenn Jordan
1309,George Seaton
1310,John D. Hancock
1311,Sylvester Stallone
1312,Jack Fisk
1313,Alan Metter
1314,Biff Mainstream
1315,Chip Miller
1316,Paul Greengrass
1317,Terrence Malick
1318,Maya Angelou
1319,Anthony Drazan
1320,J.S. Cardone
1321,Anand Tucker
1322,Willard Carroll
1323,Brian Robbins
1324,Rod Amateau
1325,Willard Huyck
1326,Tibor Takács
1327,Kurt Neumann
1328,Chris Walas
1329,Mark L. Lester
1330,Jeff Burr
1331,Glen Pitre
1332,Peter Faiman
1333,John Cornell
1334,Jeff Kanew
1335,Anne Fontaine
1336,Álex de la Iglesia
1337,Robert Iscove
1338,Joe Carnahan
1339,Michael Powell
1340,Daphna Kastner
1341,Brian Helgeland
1342,Mark Tarlov
1343,Myles Berkowitz
1344,James Moll
1345,Julia Sweeney
1346,Darren Stein
1347,Samira Makhmalbaf
1348,Risa Bramon Garcia
1349,Michael Davis
1350,Alan J. Kelly
1351,Mary Lambert
1352,Henry Hathaway
1353,Jack Smight
1354,Jerry Jameson
1355,James Goldstone
1356,Michael Crichton
1357,Ted Post
1358,Don Taylor
1359,Corey Allen
1360,Mark Robson
1361,David Lowell Rich
1362,Irwin Allen
1363,Matthew Diamond
1364,Roger Kumble
1365,Adam Bernstein
1366,P.J. Castellaneta
1367,Stuart Burkin
1368,Katt Shea
1369,Chris Roberts
1370,Bob Balaban
1371,Wolf Rilla
1372,Bob Clark
1373,Rob DeFranco
1374,Gaspar Noé
1375,Katja von Garnier
1376,Jerry London
1377,Maurice Joyce
1378,Sam Miller
1379,Tony Goldwyn
1380,Gina Glickman
1381,Gil Junger
1382,Carlos Saura
1383,Erick Zonca
1384,Marion Vernoux
1385,Philip Saville
1386,Hilary Brougher
1387,Christopher Nolan
1388,Dave Meyers
1389,George Haas
1390,Olivier Ducastel
1391,Jacques Martineau
1392,Bradley Battersby
1393,Alejandro Amenábar
1394,Björn Lindgren
1395,James Merendino
1396,Jennifer Baichwal
1397,Rodman Flender
1398,Simon Shore
1399,Tony Bui
1400,Thom Eberhardt
1401,Jim Wynorski
1402,Rob Sitch
1403,Linda Kandel
1404,Paul Quinn
1405,Joan Chen
1406,David Raynr
1407,Hirokazu Koreeda
1408,Daniel Lee
1409,David Moreton
1410,Leslie Woodhead
1411,Bud Greenspan
1412,Peter Ho-Sun Chan
1413,Amos Poe
1414,Wojciech Has
1415,Karl Freund
1416,Terence Fisher
1417,Leslie Goodwins
1418,Reginald Le Borg
1419,Christy Cabanne
1420,Harold Young
1421,Frank Perry
1422,Richard Lester
1423,Sidney J. Furie
1424,Tod Browning
1425,Erle C. Kenton
1426,Rowland V. Lee
1427,Roy William Neill
1428,Robert Siodmak
1429,George Waggner
1430,Philippe Mora
1431,Jack Arnold
1432,Jim Sharman
1433,Mikel Conrad
1434,Malcolm Leo
1435,Andrew Solt
1436,Christian Nyby
1437,Byron Haskin
1438,Robert Gordon
1439,Don Siegel
1440,Roger Corman
1441,Virgil W. Vogel
1442,Josef Rusnak
1443,Theodoros Angelopoulos
1444,Maria Ripoll
1445,William Roth
1446,Robert Meyer Burnett
1447,Yvan Le Moine
1448,Chris Buck
1449,Kevin Lima
1450,Andrew J. Kuehn
1451,Tom Tykwer
1452,Roger Nygard
1453,Pasi Peni
1454,Scott Ziehl
1455,Leos Carax
1456,Olivier Assayas
1457,Paul Weitz
1458,Mark Pellington
1459,Tim Hill
1460,Daniel Myrick
1461,Eduardo Sánchez
1462,Rick Famuyiwa
1463,Michael Patrick Jann
1464,David Kellogg
1465,Jim Fall
1466,Kinka Usher
1467,Michael Polish
1468,François Truffaut
1469,Gene Saks
1470,Peter R. Hunt
1471,Bertrand Blier
1472,Jerrold Freedman
1473,Wayne Isham
1474,Graeme Clifford
1475,Károly Makk
1476,Brad Bird
1477,Paul McGuigan
1478,Tod Williams
1479,John Turturro
1480,Adam Rifkin
1481,Anne Wheeler
1482,Ana Kokkinos
1483,Joseph Henabery
1484,Peter Hall
1485,Buck Henry
1486,William Castle
1487,Gene Wilder
1488,Ian MacNaughton
1489,Mike Hodges
1490,Graham Baker
1491,Ken Finkleman
1492,Anthony Waller
1493,Carl Gottlieb
1494,Kevin Williamson
1495,Mic Rodgers
1496,Jeff Franklin
1497,Satoshi Kon
1498,Philip Frank Messina
1499,Chuck Workman
1500,Crane Wilbur
1501,Grigoriy Kozintsev
1502,Nanette Burstein
1503,Brett Morgen
1504,Patrice Toye
1505,Rand Ravich
1506,Kevin Brodie
1507,Hugh Johnson
1508,Aris Iliopulos
1509,Ziad Doueiri
1510,Mike Barker
1511,Hampton Fancher
1512,Masanori Hata
1513,René Féret
1514,S.F. Brownrigg
1515,Joseph Sargent
1516,George Dunning
1517,Sam Mendes
1518,Kurt Voss
1519,Christian Vincent
1520,George Abbott
1521,Ken Russell
1522,Tom DeSimone
1523,Peter Kassovitz
1524,Bruce McCulloch
1525,Audrey Wells
1526,Gary Halvorson
1527,Kevin Alyn Elders
1528,John Schultz
1529,Mark Illsley
1530,Jake Scott
1531,Catherine Breillat
1532,Bernard McEveety
1533,Dave Fleischer
1534,Willard Bowsky
1535,Orestes Calpini
1536,Don Coscarelli
1537,Richard Franklin
1538,Anthony Perkins
1539,Kimberly Peirce
1540,Tessa Blake
1541,José Luis Garci
1542,Marcel Carné
1543,Joseph Kuo
1544,John Byrum
1545,Terry Sanders
1546,Preston Sturges
1547,Eliseo Subiela
1548,Charles Vidor
1549,Régis Wargnier
1550,Robert Aldrich
1551,James Bridges
1552,Guy Hamilton
1553,Terence Young
1554,Jamaa Fanaka
1555,William Beaudine
1556,Tom McNamara
1557,Jennifer Wynne Farmer
1558,Valerie Red-Horse
1559,David Evans
1560,Frank Whaley
1561,Harmony Korine
1562,Robert Marcarelli
1563,Mervyn LeRoy
1564,Bob Fosse
1565,Louis Morneau
1566,Malcolm D. Lee
1567,Antonio Banderas
1568,Damon Santostefano
1569,Michael Cristofer
1570,George Pavlou
1571,Scott Benson
1572,Spike Jonze
1573,Adam Abraham
1574,Donal Lardner Ward
1575,Radu Mihaileanu
1576,Gary Sinyor
1577,Chris Smith
1578,Don McKellar
1579,Buster Keaton
1580,Brian Yuzna
1581,Oz Scott
1582,Michael Schultz
1583,Michael Gornick
1584,Sam Taylor
1585,Arnold Laven
1586,Rick Roessler
1587,Bruce Malmuth
1588,Bob Logan
1589,Boris Sagal
1590,Ken Wiederhorn
1591,Maria Maggenti
1592,Peter Duffell
1593,Craig Bolotin
1594,Kunihiko Yuyama
1595,Richard Shepard
1596,William Nigh
1597,Robert Allen
1598,Andrew Marton
1599,Gerd Oswald
1600,Kinji Fukasaku
1601,Toshio Masuda
1602,Paul Newman
1603,Darko Mitrevski
1604,Aleksandar Popovski
1605,Jean Rollin
1606,Gus Meins
1607,Charley Rogers
1608,Hiroshi Inagaki
1609,Martin Ritt
1610,Tom Moore
1611,Ash Brannon
1612,Lee Unkrich
1613,Gavin O'Connor
1614,Mario Bava
1615,Ida Lupino
1616,Scott Elliott
1617,Victor Mignatti
1618,Marshall Neilan
1619,Jean Renoir
1620,George W. George
1621,Andrew V. McLaglen
1622,Steven Kampmann
1623,William Porter
1624,Robert F. Hill
1625,Jack Nicholson
1626,Frank Tashlin
1627,Mike Mitchell
1628,John Asher
1629,Tim Roth
1630,Roland West
1631,Peter Bogdanovich
1632,Nathan Juran
1633,Gaëtan Brizzi
1634,Paul Brizzi
1635,Martha Fiennes
1636,Matthew Warchus
1637,James B. Harris
1638,Robert Ellis Miller
1639,John English
1640,William Witney
1641,Mario Camerini
1642,Julie Taymor
1643,Jennifer Leitzes
1644,Julian Goldberger
1645,Aviva Kempner
1646,Jack Sholder
1647,Marion Hänsel
1648,Santosh Sivan
1649,Parris Patton
1650,John S. Robertson
1651,George Sidney
1652,Bob Rafelson
1653,Henry King
1654,Roy Ward Baker
1655,Gene Quintano
1656,Ivan Passer
1657,Kevin Altieri
1658,Boyd Kirkland
1659,Frank Paur
1660,Jack Conway
1661,Curtis Harrington
1662,Francesco Rosi
1663,Hiroshi Teshigahara
1664,Kris Isacsson
1665,Herbert Blaché
1666,Winchell Smith
1667,Desmond Davis
1668,Art Linson
1669,George Englund
1670,Mikael Kristersson
1671,Khyentse Norbu
1672,Mikhail Kalatozov
1673,Fran Rubel Kuzui
1674,Rémy Belvaux
1675,André Bonzel
1676,Benoît Poelvoorde
1677,Gary Sinise
1678,Troy Duffy
1679,Eric Blakeney
1680,Ventura Pons
1681,Monika Treut
1682,Jonathan Morgan
1683,Susan Muska
1684,Gréta Olafsdóttir
1685,Richard Spence
1686,Anthony Harvey
1687,Chris Koch
1688,Jun Falkenstein
1689,Madhur Jaffrey
1690,Tina Valinsky
1691,Rob Hardy
1692,Lynn Hershman Leeson
1693,James Clavell
1694,Ben Younger
1695,Jasmin Dizdar
1696,Edgar G. Ulmer
1697,Michael Miller
1698,Felix E. Feist
1699,H. Bruce Humberstone
1700,Eric Mendelsohn
1701,Søren Kragh-Jacobsen
1702,DJ Pooh
1703,Pontus Löwenhielm
1704,Patrick von Krusenstjerna
1705,George Bowers
1706,Al Reinert
1707,Herschell Gordon Lewis
1708,George Marshall
1709,Jason Freeland
1710,Henri Verneuil
1711,Sidney Poitier
1712,Irving Pichel
1713,Stanley Kramer
1714,Kristine Peterson
1715,J. Elder Wills
1716,Paul Flaherty
1717,Jim Goddard
1718,James Frawley
1719,Dick Zondag
1720,Bill Norton
1721,Jean Negulesco
1722,Raoul Walsh
1723,James Wong
1724,Christina Andreef
1725,Julian Henriques
1726,Arthur Lubin
1727,Otto Lang
1728,Harold Prince
1729,Michael Winner
1730,Stuart Gillard
1731,Newt Arnold
1732,Sidney Franklin
1733,Gustav Machatý
1734,Andrzej Bartkowiak
1735,Mark Piznarski
1736,Mark Hanlon
1737,Majid Majidi
1738,Javier Elorrieta
1739,Jean Yarbrough
1740,Peter Brook
1741,Rafal Zielinski
1742,Alain Tanner
1743,Luis Valdez
1744,David Seltzer
1745,Carlos Avila
1746,Bibo Bergeron
1747,Don Paul
1748,Jeffrey Katzenberg
1749,Armando Crispino
1750,David MacDonald
1751,Eugenio Martín
1752,David Beaird
1753,George Fitzmaurice
1754,Sergio Martino
1755,Abbe Wool
1756,Bruce Joel Rubin
1757,Yuri Zeltser
1758,Bonnie Hunt
1759,Richard Quine
1760,James Young
1761,William Asher
1762,Francis Megahy
1763,Steve Gordon
1764,Neal Israel
1765,Alain Resnais
1766,Jon Jost
1767,René Clair
1768,Kon Ichikawa
1769,Edward Norton
1770,Marek Kanievska
1771,Damien O'Donnell
1772,Julien Temple
1773,Chris Browne
1774,Milton Moses Ginsberg
1775,Bobcat Goldthwait
1776,Morton DaCosta
1777,Davis Guggenheim
1778,Sofia Coppola
1779,Bharat Nalluri
1780,Matt Williams
1781,Deborah Warner
1782,Adam Simon
1783,Darren Patrick Moloney
1784,Jonathan Winfrey
1785,John Keitel
1786,Justin Kerrigan
1787,Mark Benjamin
1788,Danny Hoch
1789,Jim McBride
1790,Francis D. Lyon
1791,Dario Argento
1792,Martin Davidson
1793,Stephen Verona
1794,Stan Dragoti
1795,Roger Christian
1796,Scott Alexander
1797,Larry Karaszewski
1798,Peter M. Cohen
1799,Joseph Barbera
1800,William Hanna
1801,Bruce Kessler
1802,Barbara Sonneborn
1803,John Rich
1804,Eric Leighton
1805,Ralph Zondag
1806,Todd Phillips
1807,Floyd Mutrux
1808,Bart Freundlich
1809,Andrzej Zulawski
1810,Tom Dey
1811,Jon Reiss
1812,Herk Harvey
1813,David Miller
1814,Lewis Gilbert
1815,Agnès Varda
1816,William C. McGann
1817,Edward Ludwig
1818,Val Guest
1819,Vicente Aranda
1820,Lucio Fulci
1821,Douglas Sirk
1822,Albert Lewin
1823,David Schmoeller
1824,David Allen
1825,Joe Camp
1826,Ron Fricke
1827,James Komack
1828,Noel Black
1829,Richard W. Haines
1830,Lloyd Kaufman
1831,Michael Herz
1832,Craig Laurence Rice
1833,George Ogilvie
1834,Mick Garris
1835,Craig R. Baxley
1836,Gordon Parks
1837,Doug Wolens
1838,Alison Maclean
1839,Mick Davis
1840,Val Lik
1841,Peter Lord
1842,Jack Kinney
1843,William Morgan
1844,Aaron Norris
1845,George Jackson
1846,Robert Cormack
1847,Leslie Fenton
1848,King Vidor
1849,Richard Talmadge
1850,Keenen Ivory Wayans
1851,Jamie Babbit
1852,Yang Zhang
1853,Greg Harrison
1854,Otto Brower
1855,Jeremy Podeswa
1856,Gerald Seth Sindell
1857,Sam Wanamaker
1858,Luis Puenzo
1859,Berit Nesheim
1860,Toshiro Uratani
1861,David McNally
1862,Max Mayer
1863,John Forte
1864,Robert Lee King
1865,Nigel Cole
1866,Joseph Green
1867,Brian G. Hutton
1868,Stan Winston
1869,Robert Hiltzik
1870,Lionel Coleman
1871,Jenniphr Goodman
1872,Max Färberböck
1873,Frédéric Fonteyne
1874,Steven Maler
1875,Fenton Bailey
1876,Randy Barbato
1877,Myles Connell
1878,Gerard Stembridge
1879,Tarsem Singh
1880,Takao Okawara
1881,Adam Collis
1882,James D. Stern
1883,Elliot Silverstein
1884,Chantal Akerman
1885,Leslie Norman
1886,Joseph Losey
1887,Aiyana Elliott
1888,Peyton Reed
1889,Michael Dinner
1890,Valerie Breiman
1891,Robert Greenwald
1892,Richard Schenkman
1893,Doug Aarniokoski
1894,Robert Adetuyi
1895,Benito Zambrano
1896,Joe Charbanic
1897,Christopher McQuarrie
1898,Rob Walker
1899,Bruce Paltrow
1900,Jon Shear
1901,Craig Mazin
1902,John Ottman
1903,Fina Torres
1904,Sally Field
1905,Jason Priestley
1906,Greg Berlanti
1907,Karyn Kusama
1908,Edward Bernds
1909,Don Weis
1910,Walter Lantz
1911,Edward F. Cline
1912,Ray Kellogg
1913,Dein Perry
1914,Bob Buchholz
1915,Mamoru Hosoda
1916,Jeff Nimoy
1917,Raymond De Felitta
1918,Rod Lurie
